역명,호선명,인구300,가구300,주택300,사업체수300,교육시설300,공공기관300,금융시설300,의료시설300,대중교통300,방범/방재300,백화점/중대형마트300,편의점300,극장/영화관300,도서관/박물관300,인구500,가구500,주택500,사업체수500,교육시설500,공공기관500,금융시설500,의료시설500,대중교통500,방범/방재500,백화점/중대형마트500,편의점500,극장/영화관500,도서관/박물관500,전철역코드,호선,외부코드,사이버스테이션,주소,현장민원소,관광안내소,문화공간,항공권판매,장애인시설,만남의장소,주차장,자전거보관소,무인민원발급기,역무실,수유방,엘레베이터,에스컬레이터,휠체어리프트시설,스피드게이트,화장실,X좌표,Y좌표,X좌표(WGS),Y좌표(WGS)
회룡,1호선,14630,5078,4750,861,9,3,7,85,12,2,1,8,0,1,31142,10759,10097,1418,15,5,10,133,14,2,1,14,0,2,1905,1,111,1905,경기도 의정부시 평화로 363,,,,,,,,,,,N,,,,,게이트 외부,510190,1172670,37.724846,127.046895
도봉산(7),1호선,5014,1767,1600,213,2,0,0,10,6,0,0,2,0,0,16113,5719,5227,713,7,1,1,34,27,1,0,7,0,0,1903,1,113,1903,서울특별시 도봉구 도봉로 964-33,N,N,N,N,N,N,Y,N,,,N,,,,,게이트 외부,510065,1163090,37.689313,127.046222
청량리(지상),1호선,6188,2920,2018,2595,0,1,48,69,19,0,2,10,3,0,19000,8688,5485,4873,0,8,62,110,32,4,2,15,3,0,158,1,124,158,서울특별시 동대문구 왕산로 지하 205,N,N,N,Y,Y,N,Y,Y,N,Y,N,Y,Y,N,Y,게이트 외부,510002,1132640,37.580178,127.046835
제기동,1호선,11397,5423,4297,1842,1,4,14,106,10,1,0,9,0,1,23489,10735,7815,5049,3,8,58,159,29,2,1,18,1,1,157,1,125,157,서울특별시 동대문구 왕산로 지하 93,N,N,N,N,N,N,Y,Y,N,Y,N,Y,N,N,Y,게이트 외부,507552,1132159,37.578103,127.034893
신설동,1호선,7792,4168,2991,3249,5,7,95,39,18,2,0,28,0,1,19542,9501,6463,5286,5,9,112,66,32,3,1,40,1,1,156,1,126,156,서울특별시 동대문구 왕산로 지하 1,N,N,N,N,Y,N,N,Y,Y,Y,N,Y,Y,Y,Y,게이트 외부,505342,1131412,37.575297,127.025087
동묘앞,1호선,10625,5274,3634,3437,6,4,36,67,16,1,0,19,0,1,25957,12241,8879,16704,12,14,99,114,34,6,1,44,3,3,159,1,127,159,서울특별시 종로구 종로 359,N,N,N,N,N,N,N,N,N,Y,N,Y,Y,N,N,게이트 외부,503422,1130557,37.572627,127.016429
동대문,1호선,7802,3836,2467,23756,6,14,86,138,33,6,0,34,4,1,18314,8526,5923,25707,12,16,96,171,45,8,0,46,4,2,155,1,128,155,서울특별시 종로구 종로 지하 302,Y,N,N,N,Y,Y,N,N,N,Y,N,Y,Y,Y,Y,게이트 외부,502155,1130180,37.57142,127.009745
종로 5가,1호선,3692,1950,1482,17575,2,9,93,135,38,5,0,26,2,1,6060,3305,2450,24775,6,14,123,162,55,6,0,38,4,1,154,1,129,154,서울특별시 종로구 종로 지하 216,N,N,N,N,N,N,N,N,N,Y,N,Y,N,N,Y,게이트 외부,500162,1130132,37.570926,127.001849
종로 3가,1호선,2786,1836,1209,14115,2,10,150,103,35,5,0,44,4,9,5312,3085,2293,21395,4,20,323,169,54,7,0,86,9,25,153,1,130,153,서울특별시 종로구 종로 지하 129,N,N,N,N,Y,N,N,N,N,Y,Y,Y,Y,Y,Y,게이트 외부,498060,1130332,37.571607,126.991806
종각,1호선,1878,1266,1103,8485,3,32,378,160,41,6,0,67,4,25,3995,2347,1782,15739,11,42,766,303,78,9,4,111,14,30,152,1,131,152,서울특별시 종로구 종로 지하 55,N,N,N,N,N,N,N,N,Y,Y,N,Y,Y,Y,Y,게이트 외부,496085,1129940,37.570161,126.982923
시청(2),1호선,804,428,410,5732,7,20,423,103,44,4,5,43,5,5,2764,1101,955,20468,9,42,853,317,88,8,7,104,15,13,151,1,132,151,서울특별시 중구 세종대로 지하 101,N,N,N,Y,Y,Y,N,Y,N,Y,N,Y,Y,N,Y,게이트 외부,494587,1128532,37.564718,126.977108
서울역,1호선,5119,2980,2147,1582,0,4,93,50,24,2,1,27,1,0,17824,8943,6175,3850,2,12,205,102,37,3,1,47,1,2,150,1,133,150,서울특별시 중구 세종대로 지하 2,N,N,N,Y,Y,Y,N,Y,N,Y,N,Y,Y,Y,Y,게이트 외부,493365,1125595,37.554648,126.972559
용두(동대문구청),2호선,9719,4464,3010,2026,0,9,19,36,11,3,1,8,0,3,22997,10222,6768,5617,8,13,60,134,34,3,1,15,1,3,250,2,211-3,250,서울특별시 동대문구 천호대로 지하 129,N,N,N,N,,,,,,,N,,,,,게이트 내부,508200,1131077,37.574028,127.038091
신정네거리,2호선,14994,6609,3501,1166,0,3,10,68,10,1,0,9,0,0,36618,15170,9507,2001,9,5,12,107,24,1,0,17,0,1,249,2,234-3,249,서울특별시 양천구 중앙로 지하 261,Y,N,N,N,Y,N,N,Y,N,Y,N,Y,Y,N,Y,게이트 외부,467370,1116015,37.520074,126.852912
양천구청,2호선,13416,4608,4488,437,3,1,2,30,9,1,0,3,0,0,30001,10558,10418,1181,7,7,12,75,21,2,0,12,0,0,248,2,234-2,248,서울특별시 양천구 목동로3길 지하 33,Y,N,N,N,N,Y,N,Y,N,Y,N,Y,N,N,Y,게이트 내부,470185,1113852,37.512398,126.865819
도림천,2호선,6164,2284,2209,810,3,0,6,7,12,0,0,3,0,1,20317,6896,6787,1304,5,1,9,38,25,0,0,8,0,2,247,2,234-1,247,서울특별시 구로구 경인로67길 160,N,N,N,N,N,N,N,Y,N,Y,N,Y,N,N,Y,게이트 외부,473827,1114450,37.514287,126.882768
신설동,2호선,7792,4168,2991,3249,5,7,95,39,18,2,0,28,0,1,19542,9501,6463,5286,5,9,112,66,32,3,1,40,1,1,246,2,211-4,156,서울특별시 동대문구 왕산로 지하 1,N,N,N,N,Y,N,N,Y,Y,Y,Y,Y,Y,Y,Y,게이트 외부,505342,1131412,37.575297,127.025087
신답,2호선,10153,3948,3127,1312,3,1,16,24,19,0,0,8,0,0,24272,10105,7422,3035,6,4,26,53,28,0,0,15,0,2,245,2,211-2,245,서울특별시 성동구 천호대로 232,N,N,N,N,,,,,,,N,,,,,게이트 내부,510310,1129987,37.57004,127.046481
용답,2호선,11777,5276,2042,555,5,2,4,23,5,1,0,8,0,0,2312,10209,4482,1585,22,6,26,57,17,2,0,18,0,1,244,2,211-1,244,서울특별시 성동구 용답길 86,N,N,N,N,,,,,,,N,,,,,게이트 외부,511015,1127677,37.561904,127.050899
충정로(경기대입구),2호선,12499,5577,4794,1862,6,11,84,44,27,6,0,19,1,1,23034,10154,8187,2897,17,16,113,78,48,7,1,28,1,1,243,2,243,243,서울특별시 서대문구 서소문로 지하 17,N,N,N,N,N,Y,N,N,N,Y,N,Y,Y,N,Y,게이트 외부,491842,1127227,37.559973,126.963672
아현,2호선,9919,4371,3158,1137,7,3,16,50,25,0,0,5,0,1,27294,11391,8870,1798,15,4,25,75,34,1,0,10,0,1,242,2,242,242,서울특별시 마포구 신촌로 지하 270,N,N,N,N,N,Y,N,N,N,Y,N,Y,N,Y,Y,게이트 외부,490052,1126335,37.557345,126.956141
이대,2호선,13865,8207,5040,2403,27,8,34,78,29,1,0,24,3,0,27448,14214,9397,3001,51,9,38,102,43,2,0,30,4,0,241,2,241,241,서울특별시 마포구 신촌로 지하 180,N,N,N,N,N,Y,N,Y,N,Y,N,Y,Y,N,Y,게이트 외부,487955,1126182,37.556733,126.946013
신촌,2호선,8798,5407,2984,2868,17,4,59,138,29,1,2,39,4,1,18591,11285,6704,3957,18,5,62,176,54,1,2,57,6,2,240,2,240,240,서울특별시 마포구 신촌로 지하 90,Y,N,N,Y,N,Y,N,Y,Y,Y,Y,Y,Y,N,Y,게이트 외부,485922,1125867,37.555134,126.936893
홍대입구,2호선,6982,3993,2187,4651,1,2,90,95,25,1,0,38,11,7,20503,11194,6291,6702,9,5,100,122,42,3,0,62,15,9,239,2,239,239,서울특별시 마포구 양화로 지하 160,N,N,N,N,N,Y,N,Y,N,Y,N,Y,Y,Y,Y,게이트 외부,483315,1126247,37.557192,126.925381
합정,2호선,8835,4185,3191,2574,2,4,47,56,13,3,1,29,5,0,19525,9115,6513,4544,3,5,73,79,27,4,1,51,9,1,238,2,238,238,서울특별시 마포구 양화로 지하 55,N,N,N,N,Y,Y,N,Y,N,Y,N,Y,Y,N,Y,게이트 외부,480875,1124362,37.549463,126.913739
당산,2호선,8936,24632,3864,1076,1,4,49,52,11,2,0,13,0,0,19053,8579,7260,2005,10,6,81,87,31,2,0,21,0,2,237,2,237,237,서울특별시 영등포구 당산로 229,N,N,N,N,N,N,N,Y,N,Y,N,Y,N,N,N,게이트 내부,478290,1120184,37.53438,126.902281
영등포구청,2호선,13052,5738,4127,2634,6,6,82,59,17,1,0,19,0,2,24757,10533,7789,4078,6,8,101,78,34,1,1,24,0,2,236,2,236,236,서울특별시 영등포구 당산로 지하 121,N,N,N,N,Y,Y,Y,Y,N,Y,Y,Y,Y,N,Y,게이트 내부,476875,1117441,37.52497,126.895951
문래,2호선,14024,5258,4729,3728,5,5,74,65,28,1,1,19,1,2,21597,8748,7171,6109,5,7,92,79,39,1,1,27,1,2,235,2,235,235,서울특별시 영등포구 당산로 지하 28,N,N,N,N,N,Y,N,Y,Y,Y,N,Y,N,N,Y,게이트 외부,476561,1115505,37.517933,126.89476
신도림,2호선,9803,2096,3847,2956,2,2,76,54,13,0,3,21,2,0,28319,11272,10223,3915,3,3,85,5,26,0,3,38,2,0,234,2,234,234,서울특별시 구로구 새말로 지하 117-21,Y,N,N,Y,Y,Y,Y,Y,N,Y,N,N,Y,Y,N,게이트 외부,475755,1112937,37.508725,126.891295
대림(구로구청),2호선,11115,5140,3532,1414,3,3,27,51,10,1,0,14,0,0,31864,14728,10890,4628,9,10,79,138,29,3,0,31,0,2,233,2,233,233,서울특별시 구로구 도림천로 351,N,N,N,N,Y,Y,N,Y,N,Y,Y,Y,Y,N,Y,게이트 내부,476705,1108675,37.49297,126.895801
구로디지털단지,2호선,11199,6057,3947,2950,3,5,86,56,28,1,1,23,0,0,22986,11838,7597,4570,3,6,109,84,37,1,2,36,0,0,232,2,232,232,서울특별시 구로구 도림천로 477,N,N,N,N,N,N,N,Y,N,Y,N,Y,N,N,Y,게이트 내부,478070,1106435,37.485266,126.901401
신대방,2호선,11848,6092,2561,953,4,5,8,37,13,2,0,12,0,0,32218,15176,7565,2020,8,8,15,87,24,2,0,22,0,0,231,2,231,231,서울특별시 동작구 대림로 2,N,N,N,N,N,Y,Y,Y,N,Y,N,Y,N,N,Y,게이트 내부,480562,1107052,37.487462,126.913149
신림,2호선,13866,9184,4100,2370,0,2,26,95,16,1,1,32,1,0,37433,22352,9835,3404,3,9,31,128,29,3,1,48,1,1,230,2,230,230,서울특별시 관악구 남부순환로 지하 1614,Y,N,N,Y,N,N,N,Y,N,Y,Y,Y,Y,N,Y,게이트 내부,484275,1105992,37.484201,126.929715
봉천,2호선,16822,7945,4540,1387,4,4,16,71,8,1,0,11,1,2,36099,17434,10578,2486,8,6,28,124,20,1,0,23,1,2,229,2,229,229,서울특별시 관악구 남부순환로 지하 1721,N,N,N,N,N,Y,N,N,N,Y,N,Y,Y,N,Y,게이트 외부,486905,1105552,37.482362,126.941892
서울대입구(관악구청),2호선,15499,9721,6324,2309,2,4,34,121,16,0,0,28,1,1,38830,22596,12628,3355,12,11,42,163,26,5,0,41,1,2,228,2,228,228,서울특별시 관악구 남부순환로 지하 1822,Y,N,N,N,N,Y,N,N,Y,Y,N,Y,Y,N,Y,게이트 외부,489440,1105242,37.481247,126.952739
낙성대,2호선,18136,11331,3628,1192,6,3,14,65,13,1,0,20,0,0,33991,18956,7484,1893,8,8,16,104,30,4,0,26,0,3,227,2,227,227,서울특별시 관악구 남부순환로 지하 1928,N,N,N,N,N,Y,N,Y,N,Y,N,Y,Y,N,Y,게이트 외부,491805,1104272,37.47693,126.963693
사당,2호선,9542,4754,3028,2065,3,4,79,73,21,0,1,30,0,1,27593,12917,7809,3030,5,10,103,116,36,4,1,38,0,1,226,2,226,226,서울특별시 동작구 남부순환로 지하 2089,N,N,N,N,Y,Y,Y,Y,N,Y,N,Y,Y,Y,Y,게이트 외부,495760,1104005,37.47653,126.981685
방배,2호선,8571,3345,2706,1396,3,4,19,67,19,0,0,9,0,0,21825,8320,6618,2253,6,4,34,101,33,0,0,16,0,0,225,2,225,225,서울특별시 서초구 방배로 지하 80,N,N,N,N,N,Y,N,N,N,Y,N,Y,N,N,N,게이트 외부,499277,1105368,37.481426,126.997596
서초,2호선,3150,1322,994,2852,1,12,60,45,18,2,0,13,0,1,8904,3785,2890,4587,1,15,110,76,26,2,0,25,2,1,224,2,224,224,서울특별시 서초구 서초대로 지하 233,N,N,N,N,N,Y,N,Y,N,Y,N,Y,Y,N,Y,게이트 외부,501595,1108160,37.491897,127.007917
교대(법원.검찰청),2호선,6129,2589,1760,4561,3,9,112,173,22,1,0,24,1,0,18391,6875,5678,5948,4,10,158,197,30,1,0,35,1,0,223,2,223,330,서울특별시 서초구 서초대로 지하 294,N,N,N,N,Y,Y,N,Y,N,Y,N,Y,Y,N,Y,게이트 외부,502900,1108655,37.493415,127.01408
강남,2호선,6984,3808,3380,4706,1,4,169,335,39,0,0,49,5,2,14520,7350,6211,7872,4,11,314,419,53,0,0,78,5,2,222,2,222,222,서울특별시 강남구 강남대로 지하 396,N,N,N,N,Y,Y,N,N,Y,Y,Y,Y,N,Y,Y,게이트 내부,506032,1109640,37.497175,127.027926
역삼,2호선,5841,3345,1906,4114,0,3,236,96,12,0,0,40,0,1,14329,8144,4879,6522,0,4,306,131,16,0,0,58,0,2,221,2,221,221,서울특별시 강남구 테헤란로 지하 156,N,N,N,N,N,Y,N,Y,Y,Y,N,Y,Y,N,Y,게이트 외부,507992,1110605,37.500622,127.036456
선릉,2호선,8905,4590,3713,4612,4,2,269,145,12,0,0,47,0,0,18675,9190,7333,6271,4,5,320,176,19,0,0,65,1,0,220,2,220,220,서울특별시 강남구 테헤란로 지하 340,N,N,N,Y,Y,Y,N,N,N,Y,N,Y,Y,N,Y,게이트 외부,510742,1111880,37.504503,127.049008
삼성(무역센터),2호선,1905,878,691,3696,3,6,165,95,28,3,2,28,3,1,4593,2130,1684,4761,5,7,206,113,33,4,2,45,4,1,219,2,219,219,서울특별시 강남구 테헤란로 지하 538,N,N,N,N,Y,N,N,N,N,Y,Y,Y,Y,Y,Y,게이트 외부,513737,1113012,37.508844,127.06316
종합운동장,2호선,2171,729,734,246,2,2,4,1,4,1,0,10,1,0,10966,3888,3857,1912,3,8,68,36,19,3,0,32,2,1,218,2,218,218,서울특별시 송파구 올림픽로 지하 23,N,N,N,N,Y,N,N,N,Y,Y,N,Y,Y,N,Y,게이트 외부,516222,1113652,37.510997,127.073642
잠실새내,2호선,17816,6253,5448,1793,0,3,47,155,10,1,0,16,0,1,43532,15720,1373,2394,13,6,52,185,15,2,0,26,0,1,217,2,217,217,서울특별시 송파구 올림픽로 지하 140,N,N,N,N,N,Y,N,Y,N,Y,N,Y,Y,N,Y,게이트 외부,518955,1113730,37.511687,127.086162
잠실(송파구청),2호선,5472,1883,1901,1456,0,2,99,45,19,0,6,17,1,0,13965,4833,4882,2446,5,7,112,88,24,1,6,20,1,0,216,2,216,216,서울특별시 송파구 올림픽로 지하 265,N,N,N,N,Y,Y,Y,Y,N,Y,Y,Y,Y,N,Y,게이트 외부,522390,1114282,37.51395,127.102234
잠실나루,2호선,14913,5016,5052,784,5,2,11,58,7,0,0,7,0,0,28917,9522,9593,1629,7,3,102,95,21,0,0,14,0,0,215,2,215,215,서울특별시 송파구 오금로 20,N,N,N,N,N,Y,N,N,N,Y,N,Y,N,N,Y,게이트 외부,522630,1116225,37.520733,127.10379
강변(동서울터미널),2호선,7592,2716,2515,1589,1,1,19,37,16,0,1,12,1,0,22192,7918,7512,2203,7,6,30,63,27,0,1,14,1,1,214,2,214,214,서울특별시 광진구 강변역로 53,N,N,N,Y,Y,N,N,Y,N,Y,Y,Y,N,Y,Y,게이트 외부,520755,1120262,37.535095,127.094681
구의(광진구청),2호선,11308,5714,3205,1627,0,5,24,71,10,0,0,15,0,1,30451,14253,7915,2870,12,7,37,107,18,0,0,29,0,1,213,2,213,213,서울특별시 광진구 아차산로 384-1,N,N,N,N,N,Y,N,Y,N,Y,N,Y,Y,N,Y,게이트 내부,518867,1120790,37.537077,127.085916
건대입구,2호선,12199,6210,1946,2059,15,3,23,78,9,0,2,27,2,2,33265,16623,6989,3106,18,3,29,107,20,0,7,38,3,2,212,2,212,212,서울특별시 광진구 아차산로 243,Y,N,N,N,Y,Y,N,Y,Y,Y,N,Y,Y,Y,Y,게이트 내부,515365,1121815,37.540693,127.07023
성수,2호선,8760,3880,2687,4633,2,8,32,41,28,3,1,27,0,0,14622,6338,4437,5658,5,9,37,51,36,3,1,34,0,0,211,2,211,211,서울특별시 성동구 아차산로 100,N,N,N,N,Y,Y,N,Y,N,Y,Y,Y,Y,N,Y,게이트 외부,512172,1122866,37.544581,127.055961
뚝섬,2호선,13384,5734,3693,2867,3,3,22,49,18,1,0,21,0,0,23701,10335,6524,4294,7,5,27,69,26,1,0,33,0,1,210,2,210,210,서울특별시 성동구 아차산로 18,N,N,N,N,N,Y,N,Y,N,Y,N,Y,N,N,Y,게이트 외부,510281,1123615,37.547184,127.047367
한양대,2호선,4650,1985,942,619,16,2,5,6,10,1,0,13,1,0,10440,5252,2672,1826,21,7,12,20,23,3,1,26,2,0,209,2,209,209,서울특별시 성동구 왕십리로 206,N,N,N,N,Y,Y,N,Y,N,Y,N,Y,N,N,Y,게이트 외부,509450,1125912,37.555273,127.043655
왕십리(성동구청),2호선,11829,6219,3350,2071,2,8,37,77,15,3,1,23,1,2,27011,12846,6816,3434,26,12,51,120,32,5,1,41,2,3,208,2,208,208,서울특별시 성동구 왕십리로 지하 300,Y,N,N,N,Y,Y,N,Y,N,Y,N,Y,Y,Y,Y,게이트 외부,508015,1127512,37.561533,127.037732
상왕십리,2호선,12224,5682,3249,1415,2,4,28,60,17,2,0,8,0,1,31343,13087,9193,2389,8,8,35,107,27,3,0,20,0,2,207,2,207,207,서울특별시 성동구 왕십리로 지하 374,N,N,N,N,N,Y,N,Y,N,Y,N,Y,N,N,Y,게이트 외부,506303,1128363,37.564354,127.029354
신당,2호선,11836,5779,3764,14447,8,11,47,86,15,8,0,30,2,2,23071,10663,7466,15356,9,14,53,106,26,8,0,34,2,4,206,2,206,206,서울특별시 중구 퇴계로 지하 431-1,N,N,N,N,Y,Y,N,N,N,Y,N,Y,Y,N,Y,게이트 외부,503765,1128712,37.565972,127.01782
동대문역사문화공원,2호선,4602,2440,1841,16856,4,11,101,53,24,6,0,24,4,1,12114,6262,4059,20793,7,14,116,71,33,7,0,39,4,1,205,2,205,205,서울특별시 중구 을지로 지하 279,N,N,N,N,Y,Y,N,Y,N,Y,N,Y,Y,Y,Y,게이트 내부,501555,1128600,37.565138,127.007896
을지로4가,2호선,1899,1294,912,14138,1,3,75,4,24,1,0,17,2,1,5224,3037,2343,27738,3,11,207,113,48,6,0,56,3,1,204,2,204,204,서울특별시 중구 을지로 지하 178,N,N,N,N,Y,N,N,N,N,Y,N,Y,Y,N,Y,게이트 외부,499460,1129122,37.566941,126.998079
을지로3가,2호선,1892,1040,766,16458,4,13,413,182,45,5,0,72,10,4,4843,2798,1991,25600,4,25,560,258,64,10,0,105,14,10,203,2,203,203,서울특별시 중구 을지로 지하 106,N,N,N,N,N,Y,N,Y,N,Y,N,Y,Y,N,Y,게이트 외부,497895,1128945,37.566295,126.99191
을지로입구,2호선,919,349,250,7938,2,22,573,177,47,4,4,58,9,3,3386,1921,1650,23387,10,46,854,332,94,29,6,124,13,29,202,2,202,202,서울특별시 중구 을지로 지하 42,N,N,N,Y,N,Y,N,N,Y,Y,N,Y,Y,N,N,게이트 외부,495832,1128752,37.566014,126.982618
시청,2호선,804,428,410,5732,7,20,423,103,44,4,5,43,5,5,2764,1101,955,20468,9,42,853,317,88,8,7,104,15,13,201,2,201,151,서울특별시 중구 서소문로 지하 127,N,N,N,N,Y,Y,N,Y,Y,Y,Y,Y,Y,N,Y,"게이트 내부,외부",494587,1128532,37.564718,126.977108
오금,3호선,7408,2807,2152,794,4,5,6,22,11,2,0,7,0,1,21904,7976,6257,1769,10,7,8,52,21,4,0,16,0,1,342,3,352,2558,서울특별시 송파구 오금로 지하 321,N,N,N,N,N,Y,N,N,N,Y,N,Y,Y,N,N,"게이트 내부,외부",528137,1111147,37.502162,127.128111
경찰병원,3호선,17772,6856,5709,2129,0,5,40,47,12,1,0,14,0,0,31394,11834,9614,3702,9,7,51,103,28,2,0,25,0,1,341,3,351,341,서울특별시 송파구 중대로 지하 149,N,N,N,N,N,Y,N,Y,N,Y,N,Y,Y,N,N,"게이트 내부,외부",527245,1109277,37.495918,127.12454
가락시장,3호선,6137,2451,2222,4706,0,2,45,61,12,1,1,9,0,0,21445,8033,7295,7435,2,7,72,89,29,2,3,28,2,1,340,3,350,2818,서울특별시 송파구 송파대로 지하 257,N,N,N,N,N,Y,N,N,N,Y,N,Y,Y,N,N,"게이트 내부,외부",525992,1108579,37.492522,127.118234
수서,3호선,9354,4341,4239,1363,6,3,14,44,17,1,0,9,0,1,14632,6881,6703,1485,7,3,19,48,22,1,0,11,0,1,339,3,349,339,서울특별시 강남구 광평로 지하 270,Y,N,N,N,Y,Y,Y,Y,Y,Y,N,Y,Y,Y,Y,게이트 내부,522445,1106977,37.487371,127.10188
일원,3호선,13122,4282,4188,287,7,3,5,24,19,1,0,4,0,1,19616,6432,6080,337,8,3,5,31,20,1,0,5,0,1,338,3,348,338,서울특별시 강남구 일원로 지하 121,Y,N,N,N,N,Y,Y,Y,Y,Y,N,Y,N,Y,Y,게이트 외부,518585,1106192,37.483681,127.08439
대청,3호선,10385,3792,3256,795,5,3,7,57,9,1,0,6,0,1,25371,10030,8321,1134,8,3,9,71,12,1,0,9,0,1,337,3,347,337,서울특별시 강남구 일원로 지하 2,Y,N,N,N,N,Y,Y,Y,N,Y,N,Y,N,N,Y,게이트 내부,517440,1108825,37.493514,127.079532
학여울,3호선,10829,3419,3420,184,0,0,3,8,7,0,0,6,0,0,27717,9669,9700,763,5,6,13,48,15,1,0,12,1,1,336,3,346,336,서울특별시 강남구 남부순환로 지하 3104,N,N,N,N,N,Y,Y,Y,Y,Y,N,Y,Y,Y,Y,게이트 외부,515537,1109537,37.496663,127.070594
대치,3호선,13370,4050,4051,1211,2,5,24,88,10,1,0,7,1,1,33711,10295,10269,1716,7,7,34,122,14,2,0,12,1,2,335,3,345,335,서울특별시 강남구 남부순환로 지하 2952,N,N,N,N,N,N,N,N,Y,Y,N,Y,Y,N,Y,게이트 내부,513907,1108850,37.494612,127.063642
도곡,3호선,13739,4503,4522,700,5,4,38,58,14,1,0,8,0,0,33503,10870,10804,1446,15,5,62,102,22,1,0,16,0,2,334,3,344,334,서울특별시 강남구 남부순환로 지하 2814,N,N,N,N,Y,Y,N,N,Y,Y,Y,Y,Y,N,Y,게이트 외부,512105,1107980,37.490858,127.055381
매봉,3호선,9277,3513,3170,981,4,3,11,25,12,1,0,12,0,0,19475,7017,6631,1915,9,5,53,62,16,2,0,19,0,1,333,3,343,333,서울특별시 강남구 남부순환로 지하 2744,N,N,N,N,N,Y,N,Y,Y,Y,N,Y,N,N,Y,게이트 외부,510257,1106985,37.486947,127.046769
양재,3호선,7286,3550,2342,2473,6,6,49,125,29,0,0,22,0,0,14329,6372,4527,3892,6,7,78,150,38,0,0,32,1,0,332,3,342,332,서울특별시 서초구 남부순환로 지하 2585,Y,N,N,Y,Y,N,Y,Y,Y,Y,Y,Y,N,N,Y,게이트 내부,507387,1106032,37.484147,127.034631
남부터미널,3호선,11243,4982,4458,3724,3,3,76,67,24,1,0,28,2,2,18848,7904,6545,5405,11,6,109,100,34,2,0,43,6,3,331,3,341,331,서울특별시 서초구 서초중앙로 지하 31,N,N,N,N,N,Y,N,N,N,Y,N,Y,N,N,Y,게이트 내부,503497,1106375,37.485013,127.016189
교대,3호선,6129,2589,1760,4561,3,9,112,173,22,1,0,24,1,0,18301,6875,5678,5948,4,10,158,197,30,1,0,35,1,0,330,3,340,330,서울특별시 서초구 서초대로 지하 294,N,N,N,N,Y,Y,N,Y,N,Y,N,Y,Y,N,Y,환승역 이용,502900,1108655,37.493415,127.01408
고속터미널,3호선,7106,2378,2341,3146,3,5,36,106,22,1,2,19,1,0,22334,7271,7206,3504,5,7,57,130,29,1,2,27,1,1,329,3,339,329,서울특별시 서초구 신반포로 지하 188,N,N,N,Y,Y,N,N,N,N,Y,Y,Y,Y,N,Y,게이트 내부,500913,1111778,37.50481,127.004943
잠원,3호선,13590,4981,4960,277,4,2,3,26,8,1,0,1,0,0,28617,10585,9875,1756,7,3,19,126,18,1,1,10,0,0,328,3,338,328,서울특별시 서초구 잠원로4길 지하 46,N,N,N,N,N,Y,N,N,N,Y,N,Y,N,N,Y,게이트 내부,502340,1113995,37.512759,127.01122
신사,3호선,6854,3602,2256,3566,0,2,65,196,16,0,0,32,3,1,17893,8425,5438,6089,1,3,75,242,22,0,1,46,4,1,327,3,337,327,서울특별시 강남구 도산대로 지하 102,N,N,N,N,N,Y,N,Y,Y,Y,N,Y,Y,N,Y,게이트 외부,504302,1115065,37.516334,127.020114
압구정,3호선,6593,2418,2329,2204,1,2,57,374,9,0,1,19,3,1,15954,6126,5422,3973,8,4,82,508,17,0,1,37,3,2,326,3,336,326,서울특별시 강남구 압구정로 지하 172,N,N,N,Y,N,Y,N,Y,Y,Y,N,Y,N,N,Y,게이트 외부,506121,1117883,37.527072,127.028461
옥수,3호선,10796,4120,3862,432,4,0,4,24,9,0,0,4,0,0,24637,9743,9276,851,10,3,10,48,32,1,0,5,0,0,325,3,335,325,서울특별시 성동구 동호로 지하 21,N,N,N,N,Y,Y,N,Y,Y,Y,Y,N,Y,N,Y,"게이트 내부,외부",503850,1121910,37.540685,127.017965
금호,3호선,12808,5041,4264,454,3,2,3,30,24,1,0,5,0,0,35246,14124,11942,1812,11,6,16,118,46,3,0,17,0,0,324,3,334,324,서울특별시 성동구 동호로 지하 104,N,N,N,N,N,N,N,Y,N,Y,N,Y,N,N,Y,게이트 내부,503275,1123820,37.548034,127.015872
약수,3호선,10538,4512,3211,1594,3,5,14,74,13,2,0,15,0,1,30645,12924,10171,2522,13,7,22,105,26,2,1,20,1,3,323,3,333,323,서울특별시 중구 다산로 지하 122,N,N,N,N,Y,N,N,Y,N,Y,N,Y,Y,N,Y,게이트 내부,502197,1125470,37.55434,127.010655
동대입구,3호선,5811,2540,1755,988,12,3,11,9,12,1,1,10,2,1,15735,7211,5023,2716,15,5,24,70,18,1,1,23,2,3,322,3,332,322,서울특별시 중구 동호로 지하 256,N,N,N,N,N,N,N,N,N,Y,N,Y,Y,Y,Y,게이트 내부,501022,1127027,37.559052,127.005602
충무로,3호선,3343,1927,1259,9077,3,9,122,60,13,4,0,37,5,1,6827,3293,2318,14574,21,19,387,174,31,7,0,77,14,2,321,3,331,321,서울특별시 중구 퇴계로 지하 199,N,N,N,N,N,N,N,N,,,N,,,,,게이트 내부,498550,1127582,37.561243,126.99428
을지로3가,3호선,1892,1040,766,16458,4,13,413,182,45,5,0,72,10,4,4843,2798,1991,25600,6,25,560,258,64,10,0,105,14,10,320,3,330,203,서울특별시 중구 을지로 지하 129,N,N,N,N,N,Y,N,Y,N,Y,N,Y,Y,N,Y,게이트 내부,497895,1128945,37.566295,126.99191
종로3가,3호선,2786,1836,1209,14115,2,10,150,103,35,5,0,44,4,9,5312,3085,2293,21395,4,20,323,169,54,7,0,86,9,25,319,3,329,153,서울특별시 종로구 돈화문로 지하 30,Y,N,N,N,Y,N,N,N,N,Y,N,Y,Y,Y,Y,게이트 내부,498060,1130332,37.571607,126.991806
안국,3호선,3854,1920,1479,3610,12,12,81,60,31,3,0,27,2,31,7003,3633,2930,9378,14,25,164,120,48,7,0,46,6,37,318,3,328,318,서울특별시 종로구 율곡로 지하 62,N,N,N,N,N,Y,N,N,N,Y,N,Y,Y,N,Y,게이트 외부,496540,1131750,37.576477,126.985443
경복궁,3호선,5097,2319,2021,5087,1,24,160,120,37,4,1,34,2,23,10491,4699,4158,7173,6,39,228,166,46,8,1,51,3,27,317,3,327,317,서울특별시 종로구 사직로 지하 130,N,N,Y,Y,N,N,N,Y,N,Y,N,Y,Y,N,Y,게이트 내부,493895,1131520,37.575762,126.97353
독립문,3호선,12732,4703,441,403,4,4,5,22,17,0,0,7,0,3,22475,8757,7804,886,5,13,11,48,42,3,0,9,0,5,316,3,326,316,서울특별시 서대문구 통일로 지하 247,N,N,N,N,N,Y,N,Y,N,Y,N,Y,Y,Y,Y,게이트 내부,490525,1131175,37.574571,126.957748
무악재,3호선,11680,4398,3985,410,3,0,1,20,11,0,0,3,0,0,19661,7517,6730,671,4,1,4,39,16,0,0,4,0,0,315,3,325,315,서울특별시 서대문구 통일로 지하 361,N,N,N,N,N,Y,N,Y,N,Y,Y,Y,N,N,Y,게이트 내부,488910,1133372,37.582299,126.950291
홍제,3호선,12678,5314,3603,1477,5,4,18,90,15,1,0,8,0,0,28857,11505,8376,2281,9,5,23,132,35,1,0,13,0,0,314,3,324,314,서울특별시 서대문구 통일로 지하 440-1,N,N,N,N,N,Y,N,Y,Y,Y,N,Y,N,N,Y,게이트 외부,487507,1135130,37.589066,126.943736
녹번,3호선,8760,3712,2933,567,2,1,7,25,7,1,0,5,0,1,18899,7499,6025,823,6,4,7,45,19,2,0,7,0,1,313,3,323,313,서울특별시 은평구 통일로 지하 602-1,N,N,N,N,N,Y,N,N,Y,Y,N,Y,N,N,Y,게이트 외부,485672,1138467,37.600927,126.935756
불광,3호선,12153,5824,4440,1824,1,6,34,110,21,2,1,11,2,0,30854,13502,10240,2409,3,8,38,138,29,2,1,16,3,0,312,3,322,312,서울특별시 은평구 통일로 지하 723-1,N,N,N,N,Y,Y,N,Y,N,Y,N,Y,Y,N,N,게이트 외부,484337,1140982,37.610469,126.929887
연신내,3호선,13019,6249,3863,2158,3,3,55,123,18,1,0,22,2,0,35275,15280,10112,3065,11,5,59,165,37,1,0,33,2,1,311,3,321,311,서울특별시 은평구 통일로 지하 849,Y,N,N,N,N,Y,N,Y,Y,Y,N,Y,Y,N,Y,게이트 외부,482372,1143485,37.619001,126.921008
구파발,3호선,3941,1701,1718,153,8,4,2,19,22,2,0,3,0,0,12261,4261,4279,257,9,4,4,28,25,2,0,5,0,0,310,3,320,310,서울특별시 은평구 진관2로 지하 15-25,N,N,N,Y,N,Y,Y,Y,N,Y,Y,Y,Y,N,Y,게이트 외부,481875,1148452,37.636763,126.918821
지축,3호선,244,114,69,34,0,1,0,0,10,0,0,0,0,0,2352,796,690,116,1,1,0,4,20,0,0,0,0,0,309,3,319,309,경기도 고양시 덕양구 삼송로 300,N,N,N,N,Y,N,N,Y,N,Y,N,N,N,N,Y,게이트 내부,480805,1151557,37.648048,126.913951
당고개,4호선,13718,5715,4308,645,5,1,2,28,6,1,0,6,0,0,23299,9372,7544,994,6,3,3,41,11,1,0,8,0,0,409,4,409,409,서울특별시 노원구 상계로 305,N,N,N,N,N,N,N,Y,N,Y,N,Y,N,N,Y,게이트 외부,517267,1157807,37.670272,127.079066
상계,4호선,19085,7202,5615,1412,3,1,13,80,10,0,0,12,0,2,44273,17244,12960,2419,7,6,17,114,20,2,0,20,0,2,410,4,410,410,서울특별시 노원구 상계로 182,N,N,N,N,N,Y,N,Y,N,Y,N,Y,N,N,Y,게이트 내부,515995,1155000,37.660878,127.073572
노원(4),4호선,12095,4864,4271,2461,0,5,90,193,24,0,0,23,0,0,29133,11729,10191,3236,10,11,131,251,35,0,0,32,0,0,411,4,411,411,서울특별시 노원구 상계로 69-1,Y,N,N,N,Y,N,N,Y,N,Y,Y,Y,Y,N,Y,게이트 내부,513622,1153612,37.655128,127.061368
창동,4호선,10960,2067,3882,1418,3,7,39,84,16,0,2,17,0,0,31842,11137,10889,1721,6,9,41,117,19,2,2,18,0,0,412,4,412,412,서울특별시 도봉구 마들로11길 77,N,N,N,N,Y,N,Y,Y,N,Y,N,Y,N,N,Y,게이트 내부,510370,1153032,37.653166,127.047731
쌍문,4호선,15442,7117,4070,1313,3,0,10,73,19,0,0,14,0,0,40154,16610,11460,2134,14,6,16,114,37,2,0,26,0,1,413,4,413,413,서울특별시 도봉구 도봉로 지하 486-1,Y,N,N,N,N,Y,N,Y,Y,Y,N,Y,N,N,Y,게이트 외부,507572,1151735,37.648627,127.034709
수유,4호선,13359,6887,3589,2377,0,7,122,113,28,1,0,39,0,0,33224,16069,9146,3956,3,9,135,159,37,3,0,51,1,0,414,4,414,414,서울특별시 강북구 도봉로 지하 338,N,N,N,Y,N,Y,N,N,Y,Y,N,Y,N,N,Y,게이트 외부,505477,1148677,37.638052,127.025732
미아,4호선,12852,5407,3009,1413,6,9,28,59,21,3,0,12,0,2,31354,13095,8241,2588,8,11,32,113,28,4,0,19,0,4,415,4,415,415,서울특별시 강북구 도봉로 지하 198,Y,N,N,N,N,Y,N,Y,Y,Y,N,Y,Y,N,Y,게이트 외부,505667,1145592,37.62667,127.025983
미아사거리,4호선,10155,4862,2257,1442,3,3,15,66,20,2,2,11,1,0,26917,11698,6789,2907,14,10,25,129,42,4,3,21,1,2,416,4,416,416,서울특별시 강북구 도봉로 지하 50,Y,N,N,Y,N,Y,N,Y,Y,Y,Y,Y,Y,N,Y,게이트 외부,506527,1141940,37.613292,127.030053
길음,4호선,13457,5246,2796,942,2,2,10,50,18,1,0,4,0,0,39753,15127,13287,2106,6,10,17,116,40,5,2,15,0,1,417,4,417,417,서울특별시 성북구 동소문로 지하 248,N,N,N,N,N,Y,N,Y,N,Y,Y,Y,N,N,Y,게이트 외부,505320,1139202,37.603407,127.025053
성신여대입구,4호선,9741,5122,3211,2083,2,6,26,109,18,2,0,15,2,0,31939,14862,9632,3146,15,8,38,152,30,2,0,36,2,0,418,4,418,418,서울특별시 성북구 동소문로 지하 102,N,N,N,N,Y,Y,Y,Y,Y,Y,N,Y,Y,Y,Y,게이트 외부,503476,1136257,37.592624,127.016403
한성대입구,4호선,11852,5499,2980,1188,9,4,12,60,29,2,0,16,3,2,26147,11631,7292,2097,14,7,16,100,44,2,0,26,23,7,419,4,419,419,서울특별시 성북구 삼선교로 지하 1,N,N,N,N,N,Y,N,N,N,Y,N,Y,N,N,Y,게이트 외부,501130,1135052,37.588458,127.006221
혜화,4호선,7011,3434,1898,1664,9,7,16,41,23,1,0,15,55,8,15785,7485,4863,2347,12,12,20,64,39,3,0,25,62,10,420,4,420,420,서울특별시 종로구 대학로 지하 120,Y,N,Y,Y,N,Y,N,Y,Y,Y,N,Y,Y,N,Y,게이트 외부,500245,1133299,37.582336,127.001844
동대문(4),4호선,7802,3836,2467,23756,6,14,86,138,33,6,0,34,4,1,18314,8526,5923,25707,12,16,96,171,45,8,0,46,4,2,421,4,421,155,서울특별시 종로구 율곡로 지하 308,N,N,N,Y,Y,Y,N,N,N,Y,N,Y,Y,Y,Y,게이트 외부,502155,1130180,37.57142,127.009745
동대문역사문화공원(4),4호선,4602,2440,1841,16856,4,11,101,53,24,6,0,24,4,0,12114,6262,4059,20793,7,14,116,71,33,7,0,39,4,1,422,4,422,205,서울특별시 중구 장충단로 지하 230,N,N,N,N,Y,Y,N,Y,N,Y,Y,Y,Y,Y,Y,게이트 내부,501555,1128600,37.565138,127.007896
충무로(4),4호선,3343,1927,1259,9077,3,9,122,60,13,4,0,37,5,0,6827,3293,2318,14574,21,19,387,174,31,7,0,77,14,2,423,4,423,321,서울특별시 중구 퇴계로 지하 199,N,N,N,Y,Y,N,N,N,N,Y,N,Y,Y,N,Y,게이트 내부,498550,1127582,37.561243,126.99428
명동,4호선,2795,1308,827,7186,11,14,319,145,23,5,0,53,10,0,5093,2455,1779,17360,11,19,463,201,45,8,5,72,11,2,424,4,424,424,서울특별시 중구 퇴계로 지하 126,N,N,N,N,Y,Y,N,N,Y,Y,N,N,Y,N,Y,게이트 내부,496773,1127452,37.560989,126.986325
회현,4호선,8153,2056,1600,11434,0,8,229,79,34,3,5,31,1,0,8153,3997,3008,16896,4,18,632,238,63,5,5,76,7,3,425,4,425,425,서울특별시 중구 퇴계로 지하 54,N,N,N,N,Y,Y,N,N,N,Y,N,Y,Y,N,Y,게이트 내부,495072,1126787,37.558514,126.978246
서울역(4),4호선,5119,2980,2147,1582,0,4,93,50,24,2,0,27,1,0,17824,8943,6175,3850,2,12,205,102,37,3,0,47,0,2,426,4,426,150,서울특별시 용산구 한강대로 지하 392,N,N,N,N,Y,Y,N,Y,N,Y,Y,Y,Y,Y,Y,게이트 외부,493365,1125595,37.554648,126.972559
숙대입구 ,4호선,7355,3851,2068,1786,5,4,33,50,23,1,0,24,0,1,16371,8106,4583,2432,10,6,61,67,32,2,0,39,0,1,427,4,427,427,서울특별시 용산구 한강대로 지하 306,N,N,N,N,N,Y,N,Y,N,Y,N,Y,N,N,Y,게이트 내부,493747,1122832,37.54456,126.972106
삼각지(4),4호선,5967,3178,2833,3804,1,13,44,43,27,1,1,18,1,2,11084,5320,5031,4179,3,13,45,52,32,1,1,24,1,2,428,4,428,428,서울특별시 용산구 한강대로 지하 180,N,N,N,N,Y,Y,N,Y,N,Y,N,Y,Y,N,Y,게이트 내부,493970,1120167,37.534777,126.97311
신용산,4호선,3456,1866,1607,3594,1,14,41,39,26,3,3,16,2,1,7538,3871,3565,4471,3,17,53,45,32,4,3,23,2,1,429,4,429,429,서울특별시 용산구 한강대로 지하 112,N,N,N,N,Y,Y,N,N,N,Y,N,Y,N,N,Y,게이트 외부,492830,1118597,37.52917,126.967894
이촌,4호선,9194,3435,3495,792,4,9,15,34,20,1,0,10,0,2,20575,7575,7880,1142,9,10,34,62,25,2,0,15,0,2,430,4,430,430,서울특별시 용산구 서빙고로 지하 83,N,N,N,N,Y,Y,N,Y,N,Y,Y,Y,Y,N,Y,게이트 내부,494107,1116637,37.522272,126.974345
동작,4호선,2831,897,889,94,0,0,0,1,6,0,0,2,0,0,3883,1276,1196,109,2,0,0,1,9,0,0,2,0,0,431,4,431,431,서울특별시 동작구 현충로 257,N,N,N,N,N,Y,Y,Y,,,N,,,,,게이트 내부,495157,1111287,37.502971,126.979306
총신대입구,4호선,13862,6018,4108,2116,2,2,59,158,19,0,1,21,2,2,36068,14953,9818,3448,5,5,72,213,42,0,1,32,2,3,432,4,432,432,서울특별시 동작구 동작대로 지하 117,N,N,N,N,Y,Y,N,Y,N,Y,N,Y,Y,N,Y,게이트 내부,495900,1106635,37.486263,126.981989
사당,4호선,9542,4754,3028,2065,3,4,79,73,21,0,0,30,0,0,27593,12917,7809,3030,5,10,103,116,36,4,1,38,0,1,433,4,433,226,서울특별시 동작구 동작대로 지하 3,N,N,N,N,Y,Y,Y,Y,N,Y,Y,Y,Y,Y,Y,게이트 내부,495760,1104005,37.47653,126.981685
남태령,4호선,2737,1088,681,142,1,0,0,8,9,0,0,3,0,0,4124,1644,1115,339,2,1,1,10,15,0,1,3,0,0,434,4,434,434,서울특별시 서초구 과천대로 지하 816,N,N,N,N,N,N,N,Y,,,N,,,,,게이트 내부,497392,1100550,37.463873,126.989134
방화,5호선,16573,6845,6377,654,7,5,5,44,17,2,0,11,0,2,25404,10156,9356,1233,12,6,9,79,27,2,0,12,0,3,2511,5,510,2511,서울특별시 강서구 금낭화로 지하 132,,,,,,,Y,Y,,,N,,,,,게이트 외부,458487,1132005,37.577446,126.812741
개화산,5호선,11965,4871,4521,943,7,6,4,40,40,3,2,14,1,2,22249,8802,7345,1738,10,8,10,80,49,4,2,19,1,3,2512,5,511,2512,서울특별시 강서구 양천로 22,,,,,,,Y,Y,,,N,,,,,게이트 외부,457115,1130677,37.572399,126.806171
김포공항(5),5호선,16,5,7,601,1,10,5,2,63,4,2,7,1,0,16,5,7,601,1,10,5,2,63,4,2,7,1,0,2513,5,512,2513,서울특별시 강서구 하늘길 지하 77,N,Y,N,N,N,N,N,N,,,Y,,,,,게이트 외부,455957,1127820,37.562434,126.801058
송정,5호선,9729,4711,2740,984,4,3,7,31,24,1,0,12,0,1,21491,9994,5962,2267,7,13,14,63,92,5,2,24,1,2,2514,5,513,2514,서울특별시 강서구 공항대로 지하 33,,,,,,,,Y,,,N,,,,,게이트 외부,458327,1127585,37.561184,126.811973
마곡,5호선,4661,1832,1601,318,4,2,3,13,38,1,0,3,0,0,12858,4393,4175,910,6,3,5,17,50,1,0,5,0,0,2515,5,514,2515,서울특별시 강서구 공항대로 지하 163,,,,,,,,,,,N,,,,,게이트 외부,461137,1127285,37.560183,126.825448
발산,5호선,5335,2019,1908,1308,4,2,30,58,42,1,1,12,0,1,15835,5607,5220,1692,9,4,32,74,49,1,1,15,0,2,2516,5,515,2516,서울특별시 강서구 공항대로 지하 267,,,,,,,,Y,,,N,,,,,게이트 외부,463930,1126865,37.558598,126.837668
우장산,5호선,20996,6846,6126,1119,8,0,18,86,11,0,0,9,0,0,41564,14030,12281,1681,16,6,23,108,22,1,0,20,1,5,2517,5,516,2517,서울특별시 강서구 강서로 지하 262,,,,,,,,Y,,,Y,,,,,게이트 외부,463575,1124075,37.548768,126.836318
화곡,5호선,15206,6792,4767,1419,2,2,30,109,16,0,0,14,0,0,38023,15739,11563,2357,6,6,37,144,24,2,0,26,0,2,2518,5,517,2518,서울특별시 강서구 화곡로 지하 168,Y,N,N,N,N,N,N,Y,Y,,N,,,,,게이트 외부,464647,1121977,37.541513,126.840461
까치산(5),5호선,18312,8191,6226,1362,2,3,12,92,14,0,0,18,0,2,45413,19667,15471,2088,3,5,14,124,19,1,0,30,0,2,2519,5,518,2519,서울특별시 강서구 강서로 지하 54,,,,,,,,Y,,,Y,,,,,게이트 외부,466017,1119387,37.531768,126.846683
신정,5호선,19600,8248,5270,1102,3,1,3,40,7,0,0,12,0,0,33759,14094,9122,2551,8,3,10,100,20,0,0,23,0,1,2520,5,519,2520,서울특별시 양천구 오목로 지하 179,,,,,,,,Y,,,N,,,,,게이트 내부,467952,1117395,37.524997,126.856191
목동,5호선,13245,4977,3846,1374,6,0,20,88,10,0,0,14,0,0,32234,12006,9364,2640,11,6,29,132,22,1,1,25,1,0,2521,5,520,2521,서울특별시 양천구 오목로 지하 245,Y,,,,,,,Y,,,Y,,,,,게이트 외부,469885,1117862,37.526065,126.864931
오목교,5호선,14428,4855,4486,2452,3,2,51,100,16,0,3,19,2,2,32952,11213,10316,3435,8,2,74,129,24,0,4,30,2,2,2522,5,521,2522,서울특별시 양천구 오목로 지하 342,N,N,N,N,N,N,Y,Y,,,N,,,,,게이트 외부,472327,1117257,37.524496,126.875181
양평,5호선,9828,4438,3581,2825,4,4,32,56,17,1,3,18,2,0,16991,7373,6338,3622,6,5,45,66,27,1,4,21,2,0,2523,5,522,2523,서울특별시 영등포구 양산로 지하 21,N,N,N,N,N,N,N,Y,,,N,,,,,게이트 내부,474744,1117620,37.525648,126.885778
영등포구청(5),5호선,13052,5738,4127,2634,6,6,82,59,17,0,0,19,0,2,24757,10533,7789,4078,6,8,101,78,34,1,1,24,0,2,2524,5,523,236,서울특별시 영등포구 양산로 지하 116,,,,,,,Y,Y,,,Y,,,,,게이트 외부,476875,1117441,37.52497,126.895951
영등포시장,5호선,8317,4283,2664,2310,3,1,56,69,14,0,0,9,1,1,21487,11496,8581,6605,5,9,121,142,37,4,3,39,3,3,2525,5,524,2525,서울특별시 영등포구 양산로 지하 200,,,,,,,,Y,,,N,,,,,게이트 외부,478864,1116799,37.522669,126.905139
신길(5),5호선,8103,4578,3662,2710,4,4,66,37,16,3,1,26,2,0,16542,7946,6181,3499,9,7,87,57,23,4,1,36,2,0,2526,5,525,1032,서울특별시 영등포구 경인로114가길 지하 9,Y,,,,,,,Y,,,Y,,,,,게이트 외부,481420,1115205,37.517122,126.917169
여의도(5),5호선,5716,2047,2091,4197,0,0,481,109,23,0,0,22,0,0,8717,3370,3427,6959,4,13,599,145,37,1,1,46,2,1,2527,5,526,2527,서울특별시 영등포구 여의나루로 지하 40,Y,N,N,Y,N,N,N,Y,Y,,Y,,,,,게이트 외부,483100,1116530,37.521624,126.924191
여의나루,5호선,5059,1837,1904,3941,0,0,440,94,23,0,0,21,0,0,8752,3364,3444,6235,5,11,533,122,35,1,0,39,2,1,2528,5,527,2528,서울특별시 영등포구 여의동로 지하 343,,,,,,,,Y,,,Y,,,,,게이트 외부,485020,1118070,37.527098,126.932901
마포,5호선,12058,5372,4803,3489,4,7,110,106,20,0,0,24,0,0,2985,12007,11087,4123,8,8,117,123,37,2,0,30,0,1,2529,5,528,2529,서울특별시 마포구 마포대로 지하 33,,,,,,,,Y,,,N,,,,,게이트 외부,487855,1121387,37.539574,126.945932
공덕(5),5호선,8759,3984,3741,3076,5,13,101,136,28,3,1,22,0,0,33206,13699,12255,4396,14,16,127,180,45,3,1,33,0,3,2530,5,529,2530,서울특별시 마포구 마포대로 지하 100,Y,N,N,N,Y,N,N,Y,Y,,Y,,,,,게이트 외부,489187,1122797,37.544018,126.951592
에오개,5호선,12875,5160,4807,1132,5,2,27,47,17,1,0,6,0,0,29945,12051,10703,2023,12,8,35,81,35,2,0,12,3,1,2531,5,530,2531,서울특별시 마포구 마포대로 지하 210,N,N,N,N,Y,N,N,Y,,,N,,,,,게이트 외부,490233,1125313,37.553736,126.95682
충정로(5),5호선,12499,5577,5794,1862,6,11,84,44,27,6,0,19,0,0,23034,10154,8187,2897,17,16,113,78,48,7,1,28,1,1,2532,5,531,243,서울특별시 서대문구 충정로 지하 28-1,N,N,N,N,Y,N,N,Y,,,Y,,,,,게이트 외부,491842,1127227,37.559973,126.963672
서대문,5호선,3991,2005,1579,2275,10,11,127,40,37,5,0,26,2,4,12454,5335,4271,5817,25,31,349,151,85,7,2,57,5,8,2533,5,532,2533,서울특별시 종로구 통일로 지하 126,N,N,N,N,Y,N,N,Y,,,N,,,,,게이트 외부,492467,1128777,37.565773,126.966641
광화문,5호선,3910,2125,2057,10590,9,50,504,212,61,9,2,87,9,29,5182,2664,2527,10994,9,53,510,223,66,11,2,89,9,31,2534,5,533,2534,서울특별시 종로구 세종대로 지하 172,N,Y,N,Y,Y,Y,N,N,,,Y,,,,,게이트 외부,494520,1130442,37.571026,126.976669
종로3가(5),5호선,2786,1836,1209,14115,0,10,150,103,35,5,0,44,4,9,5312,3085,2293,21395,4,20,323,169,54,7,0,86,9,25,2535,5,534,153,서울특별시 종로구 돈화문로11길 지하 26,N,N,N,N,Y,N,N,N,Y,,N,,,,,게이트 외부,498060,1130332,37.571607,126.991806
을지로4가(5),5호선,1899,1294,912,14138,0,3,75,40,24,1,0,17,2,0,5224,3037,2343,27738,3,11,207,113,48,6,0,56,3,1,2536,5,535,204,서울특별시 중구 창경궁로 지하 51,N,N,N,N,Y,N,N,Y,,,N,,,,,게이트 외부,499460,1129122,37.566941,126.998079
동대문역사 문화공원(5),5호선,4704,2559,1784,9052,0,6,87,47,26,0,0,24,2,0,9928,5370,3703,22859,5,13,122,83,38,7,0,44,4,1,2537,5,536,205,서울특별시 중구 마른내로 지하 162,N,N,N,N,Y,N,N,N,,,Y,,,,,게이트 외부,501555,1128600,37.565138,127.007896
청구(5),5호선,11508,4996,2937,1767,4,2,7,48,5,0,0,13,0,2,28973,12418,8415,3967,9,8,25,102,19,2,0,27,0,5,2538,5,537,2538,서울특별시 중구 청구로 지하 77,N,N,N,N,Y,N,N,N,,,Y,,,,,게이트 외부,502872,1127150,37.560245,127.013828
신금호,5호선,8175,3152,2164,527,2,5,6,30,29,2,0,5,0,0,36701,14169,12341,1032,7,6,10,65,56,2,0,13,0,2,2539,5,538,2539,서울특별시 성동구 금호로 지하 154,N,N,N,N,Y,Y,N,Y,,,N,,,,,게이트 외부,504357,1125662,37.554548,127.020331
행당,5호선,19936,6998,5953,653,6,2,6,49,14,1,1,5,0,0,44588,16843,14179,1710,10,6,19,108,53,2,1,14,0,3,2540,5,539,2540,서울특별시 성동구 행당로 지하 89,N,N,N,N,N,Y,N,Y,,,N,,,,,게이트 외부,506397,1126405,37.557322,127.029476
왕십리,5호선,11829,6219,3350,2071,2,8,37,77,15,3,0,23,0,2,27011,12846,6816,3434,26,12,51,120,32,5,1,41,2,3,2541,5,540,208,서울특별시 성동구 왕십리로 지하 300,Y,N,N,Y,Y,Y,Y,Y,,,Y,,,,,게이트 내부,508015,1127512,37.561533,127.037732
마장,5호선,10750,4497,3298,905,4,1,6,22,12,0,0,7,0,0,23648,10071,7030,2637,10,8,12,40,31,2,1,14,1,0,2542,5,541,2542,서울특별시 성동구 마장로 지하 296,N,N,N,N,N,Y,N,Y,,,N,,,,,게이트 외부,509362,1128847,37.5661,127.042973
답십리,5호선,14677,6961,3686,1635,2,3,29,51,18,2,0,12,0,1,33049,14250,8234,3369,5,6,40,88,29,2,0,18,0,1,2543,5,542,2543,서울특별시 성동구 천호대로 지하 300,N,N,N,N,N,Y,N,Y,,,Y,,,,,게이트 외부,511330,1129032,37.566747,127.052704
장한평,5호선,6213,2667,2187,2850,0,0,174,46,11,0,0,12,0,0,12254,4997,3892,3468,3,5,179,50,14,4,0,15,0,0,2544,5,543,2544,서울특별시 동대문구 천호대로 지하 405,N,N,N,N,N,Y,N,Y,,,N,,,,,게이트 외부,513985,1127595,37.56144,127.064623
군자,5호선,12591,6259,2682,1634,1,5,27,59,17,1,0,18,2,0,36479,17586,7533,2795,3,8,33,80,32,1,0,34,2,1,2545,5,544,2545,서울특별시 광진구 천호대로 지하 550,N,N,N,Y,Y,Y,N,Y,,,Y,,,,,게이트 외부,517395,1126285,37.557121,127.079542
아차산,5호선,12722,5405,3122,1065,7,3,12,56,18,3,0,16,2,1,34703,14185,8233,1984,8,5,17,95,31,3,0,29,2,1,2546,5,545,2546,서울특별시 광진구 천호대로 지하 657,N,N,N,N,Y,Y,N,Y,,,Y,,,,,게이트 외부,519537,1125055,37.551691,127.089761
광나루,5호선,14514,4864,4217,694,7,3,18,33,20,1,0,10,1,0,21888,6955,6300,821,12,3,18,42,22,1,0,11,1,0,2547,5,546,2547,서울특별시 광진구 아차산로 지하 571,N,N,N,N,Y,Y,N,Y,,,N,,,,,게이트 외부,522710,1123015,37.545303,127.10357
천호,5호선,13907,6938,3983,2734,0,0,64,150,20,0,0,22,0,0,34895,15964,8538,4201,0,7,69,184,26,2,3,33,1,1,2548,5,547,2548,서울특별시 강동구 천호대로 지하 997,N,Y,N,Y,Y,Y,Y,Y,,,Y,,,,,게이트 외부,527042,1121095,37.538397,127.123572
강동,5호선,19168,8905,6471,1526,1,2,42,58,13,1,0,18,0,0,43836,19724,13666,3502,2,5,92,123,21,1,0,41,1,1,2549,5,548,2549,서울특별시 강동구 천호대로 지하 1097,N,N,N,N,Y,Y,Y,Y,,,Y,,,,,게이트 외부,529040,1120490,37.535804,127.132481
길동,5호선,16640,6935,5237,1673,5,3,46,78,13,0,0,18,0,0,41431,17179,12599,3397,6,8,68,147,23,2,0,46,0,1,2550,5,549,2550,서울특별시 강동구 양재대로 지하 1480,N,N,N,N,N,Y,N,Y,,,N,,,,,게이트 외부,530777,1121007,37.537801,127.140004
굽은다리,5호선,17706,6887,4672,1324,3,1,9,71,8,0,1,17,0,0,45252,17418,11263,2638,8,7,13,138,22,1,1,33,0,0,2551,5,550,2551,서울특별시 강동구 양재대로 지하 1572,N,N,N,N,Y,N,N,Y,,,N,,,,,게이트 외부,531440,1123127,37.545477,127.142853
명일,5호선,11754,4352,3098,1142,6,3,11,89,19,0,0,10,0,0,39051,13832,10636,2160,13,8,17,144,28,3,0,21,0,0,2552,5,551,2552,서울특별시 강동구 양재대로 지하 1632,N,N,N,N,N,Y,N,Y,,,N,,,,,게이트 외부,531702,1124652,37.55137,127.143999
고덕,5호선,10696,3392,3280,1143,13,4,11,73,25,3,1,10,1,1,22026,7048,6812,1438,16,5,14,84,28,3,1,10,1,1,2553,5,552,2553,서울특별시 강동구 고덕로 지하 253,N,N,N,N,Y,Y,N,Y,,,Y,,,,,게이트 외부,533850,1125845,37.555004,127.154151
상일동,5호선,6725,2562,2228,445,6,1,5,38,21,0,0,4,1,2,14337,5359,4280,625,10,2,6,48,23,0,0,5,1,2,2554,5,553,2554,서울특별시 강동구 고덕로 지하 359,N,N,N,N,Y,Y,N,Y,,,N,,,,,게이트 외부,536415,1126182,37.556712,127.166417
둔촌동,5호선,13947,5203,3728,1726,5,3,21,84,16,0,0,15,0,0,37594,14107,10284,2823,8,3,26,103,20,0,0,26,0,1,2555,5,P549,2555,서울특별시 강동구 양재대로 지하 1369,N,N,N,N,N,Y,N,Y,,,N,,,,,게이트 외부,529927,1118215,37.527788,127.136248
올림픽공원,5호선,7881,2121,2123,443,11,4,9,18,13,1,0,7,0,3,16070,4629,4633,459,13,4,11,18,14,1,0,7,0,3,2556,5,P550,2556,서울특별시 송파구 양재대로 지하 1233,N,N,N,N,Y,Y,N,Y,,,Y,,,,,게이트 외부,528797,1115072,37.516078,127.130848
방이,5호선,15336,5251,4619,1248,3,4,15,48,7,2,0,12,0,0,29629,9926,8760,2117,16,7,24,82,25,2,0,23,0,2,2557,5,P551,2557,서울특별시 송파구 양재대로 지하 1127,N,N,N,N,N,Y,N,Y,,,N,,,,,게이트 외부,527705,1112922,37.508857,127.126133
오금,5호선,7408,2807,2152,794,4,5,6,22,11,2,0,7,0,1,21904,7976,6257,1769,10,7,8,52,21,4,0,16,0,1,2558,5,P552,2558,서울특별시 송파구 오금로 지하 321,N,N,N,N,N,Y,N,Y,,,N,,,,,게이트 내부,528137,1111147,37.502162,127.128111
개롱,5호선,16029,5446,4964,858,7,0,7,51,14,0,0,5,0,1,29683,10382,8703,1691,14,5,10,92,33,1,0,10,0,1,2559,5,P553,2559,서울특별시 송파구 오금로 지하 402,N,N,N,N,Y,N,N,Y,,,N,,,,,게이트 외부,529600,1110007,37.498079,127.13482
거여,5호선,15188,5595,4178,877,3,3,5,70,11,1,0,9,0,1,34545,12953,9728,1633,8,5,6,110,29,2,0,15,0,1,2560,5,P554,2560,서울특별시 송파구 오금로 지하 499,N,N,N,N,Y,N,N,Y,,,Y,,,,,게이트 외부,531620,1108740,37.493105,127.14415
마천,5호선,18976,7621,4211,1100,1,4,2,43,11,2,0,8,0,0,35247,13915,8350,1864,2,8,9,98,17,4,0,14,0,0,2561,5,P555,2561,서울특별시 송파구 마천로57길 지하 7,,,,,,,,,,,N,,,,,게이트 외부,533682,1109147,37.49499,127.152781
봉화산,6호선,9119,3253,2980,540,7,7,4,32,26,2,1,6,0,0,18391,6276,5947,718,8,7,5,46,35,2,1,7,0,1,2648,6,647,2648,서울특별시 중랑구 신내로 지하 232,N,N,N,N,N,N,Y,Y,,,N,,,,,게이트 외부,520005,1143042,37.617283,127.091401
화랑대,6호선,10304,3526,2914,399,6,2,3,31,13,1,0,8,0,1,31961,11371,9768,968,8,3,6,69,39,2,0,11,0,2,2647,6,646,2647,서울특별시 노원구 화랑로 지하 510,,,,,,,,Y,,,N,,,,,게이트 외부,518457,1143835,37.620064,127.084689
태릉입구,6호선,10865,4756,3471,1108,3,2,13,38,22,1,0,14,0,0,29127,11829,8718,2061,5,7,19,99,37,3,1,23,0,0,2646,6,645,2646,서울특별시 노원구 동일로 지하 992-1,,,,,,,,,,,Y,,,,,게이트 외부,516430,1143262,37.617983,127.07512
석계,6호선,14551,5810,4270,1048,1,3,5,55,19,0,0,8,1,1,34952,13270,10409,1524,5,5,9,79,31,1,0,11,1,1,2645,6,644,1018,서울특별시 노원구 화랑로 지하 347-1,,,,Y,,,Y,Y,,,N,,,,,게이트 내부,514452,1142315,37.614805,127.065851
돌곶이,6호선,13904,5533,3418,1175,4,4,8,42,9,1,0,11,0,0,29781,12208,7130,2409,7,7,13,73,22,2,0,19,0,0,2644,6,643,2644,서울특별시 성북구 화랑로 지하 243,,,,,,,,Y,,,N,,,,,게이트 외부,512415,1141217,37.610537,127.056431
상월곡,6호선,12105,5036,3140,671,1,3,3,23,10,1,0,9,0,1,22155,8757,5603,1285,13,6,5,42,16,3,0,14,0,1,2643,6,642,2643,서울특별시 성북구 화랑로 지하 157,N,N,N,N,N,N,N,Y,,,Y,,,,,게이트 외부,510502,1140015,37.606377,127.048491
월곡,6호선,11864,4923,3427,931,3,3,6,52,12,1,1,7,0,0,26071,10198,7553,1551,13,4,9,80,20,0,0,14,0,0,2642,6,641,2642,서울특별시 성북구 월곡로 지하 107,,,,,,,,Y,,,N,,,,,게이트 외부,508970,1138772,37.601948,127.041518
고려대,6호선,12114,4959,3200,638,17,3,2,14,19,1,0,17,0,0,20846,9239,5399,1511,22,5,7,35,28,1,0,20,0,1,2641,6,640,2641,서울특별시 성북구 종암로 지하 1,,,,,,,,Y,,,N,,,,,게이트 내부,507807,1135480,37.590508,127.036296
안암,6호선,7908,3787,1374,940,20,1,8,29,14,0,0,24,0,0,17400,8442,3972,1492,25,2,11,45,21,0,0,36,0,0,2640,6,639,2640,서울특별시 성북구 인촌로 지하 89,,,,,,,,,,,Y,,,,,"게이트 내부,외부",506240,1134387,37.586272,127.029005
보문,6호선,12877,6289,3267,772,7,2,5,31,9,1,0,6,0,0,31520,15065,8061,2312,19,11,25,88,27,4,0,27,0,0,2639,6,638,2639,서울특별시 성북구 보문로 지하 116,,,,,,,,,,,N,,,,,게이트 외부,504065,1134217,37.585286,127.019381
창신,6호선,13906,5358,4011,567,9,4,3,29,17,0,0,7,0,1,32749,12991,9072,1298,20,5,10,48,22,1,0,12,0,2,2638,6,637,2638,서울특별시 종로구 지봉로 지하 112,,,,,,,,Y,,,N,,,,,게이트 내부,503160,1132590,37.579661,127.015241
동묘앞,6호선,10625,5274,3634,3437,6,4,36,67,16,1,0,19,0,1,25957,12241,8879,16704,12,14,99,114,34,6,0,44,3,3,2637,6,636,159,서울특별시 종로구 지봉로 지하 24,,,,,,,,,,,Y,,,,,게이트 외부,503422,1130557,37.572627,127.016429
신당,6호선,11836,5779,3764,14447,8,11,47,86,15,8,0,30,2,2,23071,10663,7466,15356,9,14,53,106,26,8,0,34,2,4,2636,6,635,206,서울특별시 중구 다산로 지하 260,,,,,,,,,,,N,,,,,게이트 외부,503765,1128712,37.565972,127.01782
청구,6호선,11508,4996,2937,1767,4,2,7,48,5,0,0,13,0,2,28973,12418,8415,3967,9,8,25,102,19,2,0,27,0,5,2635,6,634,2538,서울특별시 중구 청구로 지하 77,,,,,,,,,,,Y,,,,,게이트 외부,502872,1127150,37.560245,127.013828
약수,6호선,10538,4512,3211,1594,3,5,14,74,13,2,0,15,0,0,10538,4512,3211,1594,3,5,14,74,13,2,0,15,0,9,2634,6,633,323,서울특별시 중구 다산로 지하 115,N,N,N,N,N,N,N,N,Y,,Y,,,,,게이트 내부,502197,1125470,37.55434,127.010655
버티고개,6호선,12092,4834,4480,437,5,0,4,17,11,0,0,3,0,1,22451,9114,8316,1101,10,4,9,56,25,2,1,9,1,1,2633,6,632,2633,서울특별시 중구 다산로 지하 38,,,,,,,,,,,N,,,,,게이트 외부,501220,1123845,37.548013,127.007055
한강진,6호선,3226,1671,1267,712,3,1,17,23,16,0,0,9,1,3,5180,2623,2006,836,3,2,17,25,21,0,0,10,1,4,2632,6,631,2632,서울특별시 용산구 이태원로 지하 287,,,,,,,,Y,,,N,,,,,게이트 외부,500155,1121477,37.539631,127.001725
이태원,6호선,5819,3059,1834,1766,1,3,29,25,18,2,0,17,0,2,14946,7480,4735,2396,3,7,33,35,31,2,0,22,0,3,2631,6,630,2631,서울특별시 용산구 이태원로 지하 177,,,,,,,,,,,Y,,,,,게이트 외부,498620,1120045,37.534488,126.994302
녹사평,6호선,4042,1969,1409,1172,1,5,21,16,13,0,0,9,0,0,7292,3461,2450,1557,2,6,27,24,28,0,0,13,0,2,2630,6,629,2630,서울특별시 용산구 녹사평대로 지하 195,N,N,N,N,N,N,N,Y,,,N,,,,,게이트 내부,496899,1120133,37.534675,126.986695
삼각지,6호선,5967,3178,2833,3804,1,13,44,43,27,1,1,18,1,2,11084,5320,5031,4179,3,13,45,52,31,1,1,24,1,2,2629,6,628,428,서울특별시 용산구 한강대로 지하 185,N,N,N,N,N,N,N,Y,,,Y,,,,,게이트 내부,493970,1120167,37.534777,126.97311
효창공원,6호선,12980,5318,3642,1237,3,2,7,57,19,1,0,10,0,1,29483,12185,9035,2923,11,8,14,94,51,3,0,25,0,0,2628,6,627,2628,서울특별시 용산구 백범로 지하 287,N,N,N,N,N,N,N,Y,,,N,,,,,게이트 외부,491425,1121402,37.539261,126.961351
공덕,6호선,8759,3984,3741,3076,5,13,101,136,28,3,1,22,0,0,33206,13699,12255,4396,14,16,127,180,45,3,1,33,0,3,2627,6,626,2530,서울특별시 마포구 백범로 지하 200,N,N,N,Y,Y,N,N,N,Y,,Y,,,,,게이트 내부,489187,1122797,37.544018,126.951592
대흥,6호선,13366,5533,3700,1351,21,6,13,35,20,2,0,14,1,0,29140,11725,8511,1880,31,8,16,45,32,2,0,21,1,0,2626,6,625,2626,서울특별시 마포구 대흥로 지하 85,N,N,N,N,N,N,N,N,,,Y,,,,,게이트 외부,487020,1123710,37.547771,126.942069
광흥창,6호선,12766,5360,4282,839,1,5,10,46,20,2,0,11,0,1,30433,12468,9928,1464,12,7,3,64,43,3,0,22,1,1,2625,6,624,2625,서울특별시 마포구 독막로 지하 165,N,N,N,N,N,N,N,N,,,N,,,,,게이트 외부,484776,1123677,37.547456,126.931993
상수,6호선,10728,53070,3728,2550,7,1,9,31,19,0,0,33,6,3,18227,8789,6449,3934,8,5,25,55,36,3,0,43,10,3,2624,6,623,2624,서울특별시 마포구 독막로 지하 85,N,N,N,N,N,N,N,N,,,N,,,,,게이트 외부,482785,1123665,37.547716,126.922852
합정,6호선,8835,4185,3191,2574,2,4,47,56,13,3,1,29,5,0,19525,9115,6513,4544,3,5,73,79,27,4,0,51,9,1,2623,6,622,238,서울특별시 마포구 양화로 지하 45,Y,N,N,N,N,N,N,Y,N,,Y,,,,,게이트 외부,480875,1124362,37.549463,126.913739
망원,6호선,16747,7738,5450,1714,1,4,18,88,18,1,0,21,0,0,34718,15755,11235,3066,6,4,23,122,32,1,0,37,0,0,2622,6,621,2622,서울특별시 마포구 월드컵로 지하 77,N,N,N,N,N,N,N,Y,,,N,,,,,게이트 외부,479897,1125917,37.556094,126.910052
마포구청,6호선,13916,6252,5486,1136,2,6,2,34,15,1,1,14,2,2,29145,11913,10053,1927,7,7,7,63,26,1,1,22,2,2,2621,6,620,2621,서울특별시 마포구 월드컵로 지하 190,N,N,N,N,N,N,N,Y,,,N,,,,,게이트 외부,478397,1128185,37.563515,126.903343
월드컵경기장,6호선,6597,2503,2512,352,1,2,3,17,12,0,1,4,1,1,16040,6477,6070,1012,4,4,7,49,24,1,1,12,1,1,2620,6,619,2620,서울특별시 마포구 월드컵로 지하 240,,,,,,,,Y,,,Y,,,,,게이트 내부,477497,1129932,37.569532,126.899298
디지털미디어시티,6호선,7745,2964,2434,1183,0,6,19,32,25,1,0,23,2,1,21867,8344,6798,2117,4,10,27,79,40,2,2,34,3,2,2619,6,618,2619,서울특별시 은평구 수색로 지하 175,,,,,,,,Y,,,N,,,,,"게이트 내부,외부",477750,1131825,37.576646,126.900984
증신,6호선,14287,5583,4343,800,2,5,6,46,12,2,0,12,0,1,30231,11812,8957,1530,4,5,10,69,17,2,0,18,0,1,2618,6,617,2618,서울특별시 은평구 증산로 지하 306,,,,,,,,Y,,,N,,,,,게이트 외부,479815,1133702,37.583876,126.909645
새절,6호선,11526,4939,3144,937,4,2,4,48,17,0,0,9,0,0,31517,12938,8847,1980,11,5,9,105,27,1,0,17,0,0,2617,6,616,2617,서울특별시 은평구 증산로 지하 400,,,,,,,,Y,,,N,,,,,게이트 외부,480680,1135812,37.591148,126.913629
응암,6호선,18256,7534,6086,948,5,3,7,45,12,1,1,13,1,1,45366,18162,14453,2304,13,3,16,125,25,1,1,28,0,0,2611,6,610,2611,서울특별시 은평구 증산로 지하 477,Y,,,,,,,Y,,,Y,,,,,게이트 외부,481137,1137787,37.598605,126.915577
역촌,6호선,15871,6436,4720,779,1,1,2,49,15,1,0,10,0,0,39590,16267,11809,2162,4,5,16,107,31,2,0,23,1,0,2612,6,611,2612,서울특별시 은평구 서오릉로 지하 63,,,,,,,,Y,,,N,,,,,게이트 외부,482885,1139980,37.606021,126.922744
불광,6호선,12153,5824,4440,1824,1,6,34,110,21,2,1,11,2,0,30854,13502,10240,2409,3,8,38,138,29,2,1,16,3,0,2613,6,612,312,서울특별시 은평구 통일로 지하 723-1,,,,Y,,,,Y,,,Y,,,,,게이트 내부,484337,1140982,37.610469,126.929887
독바위,6호선,11554,4461,3953,237,5,1,0,15,6,1,0,4,0,2,23910,9331,7810,556,9,2,16,27,13,2,0,6,0,3,2614,6,613,2614,서울특별시 은평구 불광로 지하 129-1,,,,,,,,Y,,,N,,,,,게이트 외부,485010,1143355,37.618456,126.933031
연신내,6호선,13019,6249,3863,21258,3,3,55,123,18,1,0,22,2,0,35275,15280,10112,3065,11,5,59,165,37,1,0,33,2,1,2615,6,614,311,서울특별시 은평구 통일로 지하 849,N,N,N,N,N,N,N,N,Y,,N,,,,,게이트 외부,482372,1143485,37.619001,126.921008
구산,6호선,17147,6876,5088,1062,7,0,10,64,15,0,0,10,0,1,42081,16534,12510,1982,11,2,16,104,30,0,0,21,0,0,2616,6,615,2616,서울특별시 은평구 연서로 지하 137-1,,,,,,,,Y,,,N,,,,,게이트 외부,481445,1141345,37.611377,126.91727
장암,7호선,332,140,119,175,0,0,0,0,10,0,0,2,0,0,3315,1189,1155,257,0,0,0,4,14,0,0,4,0,0,2711,7,709,2711,경기도 의정부시 동일로 121,,,,,,,,,,,N,,,,,게이트 외부,511532,1165895,37.700109,127.053196
도봉산,7호선,5014,1767,1600,213,2,0,0,10,6,0,0,2,0,0,16113,5719,5227,713,7,1,1,34,27,1,0,7,0,0,2712,7,710,1903,서울특별시 도봉구 도봉로 964-40,,,,,,,Y,Y,,,N,,,,,게이트 외부,510065,1163090,37.689313,127.046222
수락산,7호선,13650,5237,4674,848,0,5,4,59,11,2,0,11,0,1,26951,10048,9125,1478,9,5,8,87,28,2,0,15,0,0,2713,7,711,2713,서울특별시 노원구 동일로 지하 1662,,,,,,,Y,Y,,,Y,,,,,게이트 외부,512022,1159800,37.67785,127.055315
마들,7호선,17720,6566,6545,508,11,0,7,84,12,0,0,6,0,0,40159,14742,14719,813,16,3,9,122,24,0,0,8,0,0,2714,7,712,2714,서울특별시 노원구 동일로 지하 1530-1,,,,,,,,Y,,,N,,,,,게이트 외부,512587,1156285,37.66494,127.057675
노원,7호선,12095,4864,4271,2461,2,5,90,193,24,0,0,23,0,0,29133,11729,10191,3236,10,11,131,251,35,0,0,32,0,0,2715,7,713,411,서울특별시 노원구 동일로 지하 1409,,,,Y,,,,Y,,,Y,,,,,게이트 외부,513622,1153612,37.655128,127.061368
중계,7호선,14251,5089,5098,463,10,0,6,59,17,0,0,5,0,0,36744,14077,14107,1179,14,4,9,107,19,1,2,8,3,3,2716,7,714,2716,서울특별시 노원구 동일로 지하 1308-1,,,,,,,,Y,,,N,,,,,게이트 외부,514005,1150745,37.644583,127.064303
하계,7호선,20638,7317,7182,1143,7,4,8,57,26,3,3,7,3,3,39618,13852,13439,1459,14,9,9,83,35,4,3,12,3,3,2717,7,715,2717,서울특별시 노원구 동일로 지하 1196,Y,,,,,,,Y,,,Y,,,,,게이트 외부,514942,1148310,37.636352,127.06799
공릉,7호선,15111,6293,4578,1161,2,2,10,65,15,1,0,13,0,0,37174,15373,11643,2136,12,3,18,110,41,2,0,29,0,0,2718,7,716,2718,서울특별시 노원구 동일로 지하 1074,,,,,,,,Y,,,N,,,,,게이트 외부,515927,1145312,37.625742,127.072896
태릉입구,7호선,10856,4756,3471,1108,3,2,13,38,22,1,0,14,0,0,29127,11829,8718,2061,5,7,19,99,37,3,1,23,0,0,2719,7,717,2646,서울특별시 노원구 동일로 지하 992-1,,,,,,,,Y,,,Y,,,,,게이트 외부,516430,1143262,37.617983,127.07512
먹골,7호선,18627,7739,4735,1317,1,4,8,63,16,1,1,13,0,0,34070,13682,8132,1956,5,6,12,82,27,3,1,17,0,0,2720,7,718,2720,서울특별시 중랑구 동일로 지하 901,,,,,,,,Y,,,N,,,,,게이트 외부,516982,1141245,37.610637,127.077725
중화,7호선,11530,4786,2606,1219,6,3,6,47,18,2,0,7,0,0,33362,13889,7283,2430,9,7,16,80,29,4,0,16,0,0,2721,7,719,2721,서울특별시 중랑구 동일로 지하 797,N,N,Y,N,N,Y,N,Y,,,N,,,,,게이트 외부,517345,1138885,37.602545,127.079264
상봉,7호선,11216,5260,2870,1043,2,1,21,35,10,0,1,12,0,0,38583,16637,9965,2696,9,5,33,93,23,1,2,22,0,0,2722,7,720,2722,서울특별시 중랑구 망우로 297,N,N,N,Y,N,N,N,Y,,,Y,,,,,게이트 외부,518665,1137145,37.596362,127.085032
면목,7호선,17487,7749,4174,1323,3,2,11,48,10,1,0,11,0,1,38552,16828,8358,2657,5,2,16,83,17,1,0,8,0,0,2723,7,721,2723,서울특별시 중랑구 면목로 지하 407,N,N,N,N,N,Y,N,Y,,,N,,,,,게이트 외부,519095,1135127,37.588579,127.087503
사가정,7호선,16321,7385,3131,1599,3,3,12,74,11,0,0,13,0,0,41626,17730,9240,2864,9,10,15,102,22,4,0,15,0,0,2724,7,722,2724,서울특별시 중랑구 사가정로 지하 393,Y,N,N,N,N,Y,N,Y,,,N,,,,,게이트 외부,519355,1132955,37.580894,127.088478
용마산,7호선,12802,5281,3592,552,4,2,3,18,6,0,0,6,1,1,33534,13836,8106,1763,7,7,12,71,13,3,0,18,1,1,2725,7,723,2725,서울특별시 중랑구 용마산로 지하 227,N,N,N,N,Y,Y,N,Y,,,N,,,,,게이트 외부,519027,1131010,37.573647,127.086727
중곡,7호선,13070,5693,2721,1339,2,3,7,71,17,3,0,17,0,1,35467,14756,7251,2522,13,6,10,102,25,3,0,24,0,0,2726,7,724,2726,서울특별시 광진구 능동로 지하 417,N,N,N,N,N,Y,N,Y,,,N,,,,,게이트 외부,518432,1128785,37.565923,127.08432
군자,7호선,12591,6259,2682,1634,1,5,27,59,17,1,0,18,2,0,36479,17586,7533,2795,3,8,33,80,32,0,0,34,2,0,2727,7,725,2545,서울특별시 광진구 천호대로 지하 550,N,N,N,Y,Y,Y,N,Y,,,Y,,,,,게이트 외부,517395,1126285,37.557121,127.079542
어린이대공원,7호선,8846,5226,2358,897,12,7,6,16,9,4,0,23,2,1,22347,11953,5166,1701,33,8,11,46,18,4,0,37,3,2,2728,7,726,2728,서울특별시 광진구 능동로 지하 210,N,N,Y,N,Y,Y,N,Y,,,Y,,,,,게이트 외부,516326,1123811,37.548014,127.074658
건대입구,7호선,12199,6210,1946,2059,15,3,23,78,9,0,2,27,3,2,33265,16623,69898,3106,18,3,29,107,20,0,2,38,3,2,2729,7,727,212,서울특별시 광진구 능동로 지하 110,N,N,N,N,Y,Y,N,Y,Y,,N,,,,,게이트 내부,515365,1121815,37.540693,127.07023
뚝섬유원지,7호선,10716,4082,3028,426,3,3,1,12,5,2,0,8,0,2,23744,9007,6254,1053,7,6,5,52,8,4,0,11,0,2,2730,7,728,2730,서울특별시 광진구 능동로 10,,,,,,,,Y,,,Y,,,,,게이트 내부,514630,1119362,37.53154,127.066704
청담,7호선,9380,3584,3201,1506,3,2,31,83,13,1,0,16,0,0,18590,7112,6422,2361,5,3,51,110,22,0,0,27,0,0,2731,7,729,2731,서울특별시 강남구 학동로 지하 508,N,N,N,N,N,N,N,Y,Y,,N,,,,,게이트 외부,511695,1115877,37.519365,127.05335
강남구청,7호선,10818,4655,3520,3016,3,4,58,153,13,0,0,30,1,0,23954,9726,7757,3902,6,6,73,171,17,0,0,40,1,2,2732,7,730,2732,서울특별시 강남구 학동로 지하 346,N,N,N,N,N,N,N,N,Y,,N,,,,,게이트 외부,508965,1115207,37.517186,127.04128
학동,7호선,5799,3118,1833,2713,2,4,49,75,11,1,0,23,0,2,17486,9133,5343,5216,5,6,73,123,17,1,0,46,0,2,2733,7,731,2733,서울특별시 강남구 학동로 지하 180,N,N,N,Y,N,N,N,Y,Y,,N,,,,,게이트 외부,506875,1114372,37.514229,127.031656
논현,7호선,8656,4937,2371,3119,0,2,53,162,17,0,0,26,0,0,22010,12152,6003,5001,2,2,68,238,22,0,0,45,3,2,2734,7,732,2734,서울특별시 강남구 학동로 지하 102,N,N,N,N,N,N,N,Y,Y,,Y,,,,,게이트 외부,504607,1113585,37.511093,127.021415
반포,7호선,14399,4870,2873,2608,5,3,28,68,19,1,2,16,1,0,30756,11015,10115,3465,7,6,38,104,26,2,2,22,0,0,2735,7,733,2735,서울특별시 서초구 신반포로 지하 241,,,,,,,,Y,,,N,,,,,게이트 외부,502410,1112792,37.508178,127.011727
고속터미널,7호선,7106,2378,2341,3146,3,5,36,106,22,1,2,19,1,0,22334,7271,7260,3504,5,7,57,130,29,0,2,27,1,1,2736,7,734,329,서울특별시 서초구 신반포로 지하 188,,,,,,,,Y,,,Y,,,,,게이트 외부,500913,1111778,37.50481,127.004943
내방,7호선,12369,5091,1773,1552,1,1,25,65,14,0,0,9,0,1,30528,12328,8902,2999,5,3,43,123,30,0,0,19,0,2,2737,7,735,2737,서울특별시 서초구 서초대로 지하 103,,,,,,,,Y,,,N,,,,,게이트 외부,498380,1107067,37.487618,126.993513
총신대입구(이수),7호선,13118,5879,3905,2163,1,4,69,158,25,0,1,21,2,2,34872,15067,9208,4203,7,9,123,233,49,3,0,34,2,3,2738,7,736,432,서울특별시 동작구 사당로 지하 310,N,,,,,,,Y,,,Y,,,,,게이트 내부,495900,1106635,37.486263,126.981989
남성,7호선,15158,6304,4232,1081,4,3,7,70,16,1,0,8,0,1,34673,14098,9552,1637,15,6,10,94,27,1,0,15,0,1,2739,7,737,2739,서울특별시 동작구 사당로 지하 218,,,,,,,,Y,,,N,,,,,게이트 내부,493425,1106212,37.484596,126.971251
숭실대입구,7호선,14410,5953,3781,870,10,4,6,35,11,2,0,12,0,0,32362,12533,9719,1012,15,4,7,44,23,2,0,15,0,0,2740,7,738,2740,서울특별시 동작구 상도로 지하 378,,,,,,,,Y,,,N,,,,,게이트 외부,489665,1109427,37.496029,126.953822
상도,7호선,13436,6297,3967,891,1,2,4,55,24,0,0,13,0,1,38391,16679,11764,1688,6,4,8,110,40,0,0,21,0,2,2741,7,739,2741,서울특별시 동작구 상도로 지하 272,Y,,,,,,,Y,,,N,,,,,게이트 외부,488362,1111262,37.502834,126.94791
장승배기,7호선,14117,6336,4041,1131,3,3,9,75,23,1,0,12,0,0,37939,16271,10209,1810,11,7,14,115,38,0,0,21,0,2,2742,7,740,2742,서울특별시 동작구 상도로 지하 188,Y,N,N,N,Y,Y,N,Y,,,N,,,,,게이트 외부,486295,1111810,37.504898,126.93915
신대방삼거리,7호선,15965,7145,4351,1395,2,6,13,97,21,3,0,19,0,0,34875,15257,9373,2181,6,6,18,139,39,3,0,26,0,0,2743,7,741,2743,서울특별시 동작구 상도로 지하 76,Y,N,N,N,N,N,N,Y,,,N,,,,,게이트 외부,483905,1110495,37.499701,126.928276
보라매,7호선,11043,5057,2601,1232,7,8,8,56,29,2,0,11,0,0,25959,11176,6422,2025,11,10,28,94,44,2,0,19,0,0,2744,7,742,2744,서울특별시 동작구 상도로 지하 2,N,N,N,N,Y,Y,N,Y,,,N,,,,,게이트 외부,482252,1110542,37.499872,126.920428
신풍,7호선,14736,5788,4138,685,3,4,4,28,18,1,0,4,0,1,29735,11964,7861,1510,8,5,9,77,84,1,0,12,0,0,2745,7,743,2745,서울특별시 영등포구 신풍로 지하 27,N,N,N,N,Y,N,N,Y,,,N,,,,,게이트 외부,479802,1110590,37.50008,126.90993
대림,7호선,11115,5140,3532,1414,3,3,27,51,10,1,0,14,0,0,31864,14728,10890,4628,9,10,79,138,29,3,0,39,0,2,2746,7,744,233,서울특별시 영등포구 도림로 지하 137,N,N,N,N,Y,Y,N,Y,,,Y,,,,,게이트 외부,476705,1108675,37.49297,126.895801
남구로,7호선,19373,8701,7771,1552,3,3,20,87,13,1,0,11,0,0,39663,17357,14058,6784,9,5,69,163,27,2,0,39,0,4,2747,7,745,2747,서울특별시 구로구 도림로 지하 7,N,N,N,N,Y,N,N,Y,,,N,,,,,게이트 외부,474900,1106587,37.486056,126.887249
가산디지털단지,7호선,1912,1188,692,6748,0,4,66,51,33,1,0,32,0,1,7497,4345,2439,11980,0,7,10,75,55,1,0,62,1,2,2748,7,746,1702,서울특별시 금천구 벚꽃로 309,N,N,N,N,Y,Y,N,Y,,,Y,,,,,게이트 외부,473861,1105307,37.481072,126.882343
철산,7호선,11374,4060,3868,1573,5,10,43,95,13,2,1,15,2,0,28069,9909,8928,2118,8,15,47,132,24,3,1,21,2,1,2749,7,747,2749,경기도 광명시 철산로 지하 13,N,N,N,Y,Y,Y,N,Y,Y,,N,,,,,게이트 외부,470762,1103950,37.47605,126.867911
광명사거리,7호선,17532,7160,5604,2163,5,4,26,116,12,0,0,16,0,0,42434,17085,13203,3041,8,6,31,153,22,0,0,26,0,0,2750,7,748,2750,경기도 광명시 오리로 지하 980,Y,N,N,N,Y,Y,N,Y,Y,,Y,,,,,게이트 외부,467782,1104757,37.479252,126.854876
천왕,7호선,8907,3403,3129,261,8,1,1,20,14,0,0,5,0,0,17600,6221,5848,504,8,1,4,43,30,0,0,8,0,0,2751,7,749,2751,서울특별시 구로구 오리로 지하 1154,N,N,N,N,Y,Y,N,Y,,,N,,,,,게이트 외부,464220,1106935,37.486637,126.838713
온수,7호선,6305,2566,2412,281,1,1,3,7,13,1,0,6,0,0,16408,5932,5639,806,18,1,5,19,33,1,0,11,0,1,2752,7,750,1821,서울특별시 구로구 경인로3길 지하 64,Y,N,N,N,Y,Y,Y,Y,,,Y,,,,,게이트 외부,460825,1108360,37.492258,126.823388
까치울,7호선,2534,883,536,249,4,0,0,9,28,0,0,3,0,5,5355,1742,1258,296,4,0,0,12,30,0,0,4,0,5,2753,7,751,2753,경기도 부천시 원미구 길주로 지하 626,N,N,N,N,N,N,N,N,,,Y,,,,,게이트 외부,458020,1112272,37.506207,126.810939
부천종합운동장,7호선,1592,598,551,1268,5,1,4,8,29,1,0,5,0,5,2943,1040,1014,1525,5,1,4,8,31,1,0,6,0,5,2754,7,752,2754,경기도 부천시 원미구 길주로 지하 502,N,N,N,N,N,N,N,N,,,Y,,,,,"게이트 내부,외부",455120,1111972,37.50538,126.797337
춘의,7호선,9422,3653,2812,2299,2,2,9,16,18,0,0,8,0,0,17625,6899,4704,3730,8,6,11,18,31,2,0,14,0,0,2755,7,753,2755,경기도 부천시 원미구 길주로 지하 406,N,N,N,N,N,N,N,N,,,Y,,,,,게이트 외부,452720,1111572,37.503663,126.787036
신중동,7호선,12113,5024,4539,2877,7,4,136,120,34,1,2,26,1,0,32596,12511,11124,3776,13,8,145,154,47,2,2,30,1,1,2756,7,754,2756,경기도 부천시 원미구 길주로 지하 314,N,N,N,N,N,N,N,N,,,Y,,,,,게이트 외부,450320,1111472,37.503048,126.77596
부천시청,7호선,7598,3004,3033,1466,6,6,25,102,27,1,2,16,1,0,25186,9831,9876,4196,11,11,58,234,64,3,6,34,2,0,2757,7,755,2757,경기도 부천시 원미구 길주로 지하 202,N,N,N,N,N,N,N,N,,,Y,,,,,게이트 외부,447620,1111872,37.504631,126.763538
상동,7호선,8607,3234,31997,3445,0,4,50,150,32,1,3,27,1,1,23816,8100,7691,4706,13,9,59,200,69,2,4,39,2,1,2758,7,756,2758,경기도 부천시 원미구 길주로 지하 104,N,N,N,N,N,N,N,N,,,Y,,,,,게이트 외부,445320,1112172,37.505781,126.753083
삼산체육관,7호선,5502,1803,1715,1207,9,0,24,78,44,0,0,13,0,0,20828,6998,6888,1350,10,0,24,97,56,0,0,15,0,0,2759,7,757,2759,인천광역시 부평구 길주로 지하 713,N,N,N,N,N,N,N,N,,,Y,,,,,게이트 외부,442720,1112472,37.506411,126.742153
굴포천,7호선,12537,4997,3400,1748,3,0,27,88,28,0,0,14,0,0,29904,11444,9114,2320,9,3,29,115,45,1,1,15,1,0,2760,7,758,2760,인천광역시 서구 환경로28번길 42,N,N,N,N,N,N,N,N,,,Y,,,,,게이트 외부,440720,1112472,37.506997,126.73128
부평구청,7호선,8884,3312,3049,640,1,5,4,23,21,1,0,7,0,1,21063,8088,6899,1310,7,8,7,55,40,1,0,10,1,1,2761,7,759,3118,인천광역시 부평구 길주로 지하 527,N,N,N,N,N,N,N,N,,,Y,,,,,"게이트 내부,외부",438020,1112972,37.508336,126.720548
암사,8호선,20711,8503,6164,1471,3,2,10,89,8,0,0,14,0,2,40589,16224,11257,2098,7,4,11,112,11,1,0,24,0,2,2811,8,810,2811,서울특별시 강동구 올림픽로 지하 776,,,,,,,,Y,,,N,,,,,게이트 외부,528032,1124410,37.55021,127.127562
천호(8),8호선,13907,6938,3983,2734,0,2,64,150,20,0,2,22,1,0,34895,15964,8538,4201,0,7,69,184,26,2,3,33,1,1,2812,8,811,2548,서울특별시 강동구 천호대로 지하 997,N,Y,N,Y,Y,Y,Y,Y,,,Y,,,,,게이트 외부,527042,1121095,37.538397,127.123572
강동구청,8호선,11791,4197,3001,1639,10,9,18,49,27,3,0,20,0,2,32474,12331,8723,2681,15,13,23,106,34,5,0,29,1,3,2813,8,812,2813,서울특별시 강동구 올림픽로 지하 550,N,N,N,N,N,N,N,Y,,,N,,,,,게이트 외부,526464,1118973,37.530341,127.120508
몽촌토성,8호선,8889,3490,3193,1577,10,4,40,37,20,1,0,20,0,3,28447,10762,9682,2307,10,5,46,81,25,1,0,29,0,3,2814,8,813,2814,서울특별시 송파구 올림픽로 지하 383,,,,,,,,Y,,,Y,,,,,게이트 외부,524665,1115335,37.517409,127.112359
잠실,8호선,5472,1883,1901,1456,0,2,99,45,19,0,6,17,1,0,13965,4883,4882,2446,5,7,112,88,24,1,6,20,1,0,2815,8,814,216,서울특별시 송파구 올림픽로 305,,,,Y,,,Y,Y,,,Y,,,,,게이트 외부,522390,1114282,37.51395,127.102234
석촌,8호선,16435,7249,5600,1335,4,6,26,70,8,2,0,17,0,0,36180,15671,11829,3073,5,8,38,145,24,2,3,38,0,1,2816,8,815,2816,서울특별시 송파구 송파대로 지하 439,,,,,,,,Y,,,N,,,,,게이트 외부,523577,1112057,37.505431,127.106979
송파,8호선,7142,2950,2052,4322,7,6,15,90,19,3,0,11,0,0,20185,7970,5839,5285,8,8,28,118,23,3,0,22,0,0,2817,8,816,2817,서울특별시 송파구 송파대로 지하 354,,,,,,,,Y,,,N,,,,,게이트 외부,524542,1110377,37.499703,127.112183
가락시장,8호선,6137,2451,2222,4706,0,2,45,61,12,1,1,9,0,0,21445,8033,7295,7435,2,7,72,89,29,2,3,28,2,1,2818,8,817,2818,서울특별시 송파구 송파대로 지하 257,N,N,N,N,N,N,N,Y,,,Y,,,,,게이트 외부,525992,1108579,37.492522,127.118234
문정,8호선,6251,2545,1911,2440,0,2,18,19,16,1,2,15,2,0,22585,9788,8342,3328,4,6,22,37,26,2,2,21,2,1,2819,8,818,2819,서울특별시 송파구 송파대로 지하 179,,,,,,,,Y,,,N,,,,,게이트 외부,526900,1106552,37.485855,127.1225
장지,8호선,10547,5146,5004,2118,5,2,18,36,22,1,2,11,2,0,21118,8712,8203,2690,6,4,21,66,44,2,2,15,2,0,2820,8,819,2820,서울특별시 송파구 송파대로 지하 82,,,,,,,,Y,,,Y,,,,,게이트 외부,527750,1104572,37.478703,127.126191
복정,8호선,1324,504,200,305,2,1,3,27,27,1,0,4,0,0,3864,1924,528,509,3,3,4,31,65,2,0,6,0,0,2821,8,820,1031,서울특별시 송파구 송파대로 지하 6,,,,,,,,Y,,,N,,,,,게이트 외부,527842,1102047,37.470047,127.126662
산성,8호선,7849,3344,1739,408,7,1,2,21,46,1,0,5,0,1,20702,8295,5353,625,12,2,2,37,47,1,0,7,0,2,2822,8,821,2822,경기도 성남시 수정구 수정로 지하 365,,,,,,,,Y,,,N,,,,,게이트 외부,532892,1098445,37.457122,127.149908
남한산성입구,8호선,16178,6002,4378,668,7,3,9,37,9,1,0,7,0,0,33594,12668,9076,1393,14,7,14,85,19,0,0,17,0,3,2823,8,822,2823,경기도 성남시 수정구 산성대로 지하 445,,,,,,,,Y,,,Y,,,,,게이트 외부,535225,1097102,37.451535,127.159816
단대오거리,8호선,11485,5066,2997,1523,1,3,11,70,13,0,1,8,1,1,34859,14532,8558,2569,4,7,11,122,24,0,1,17,1,0,2824,8,823,2824,경기도 성남시 수정구 산성대로 지하 365,,,,,,,,Y,,,N,,,,,게이트 외부,534430,1095327,37.44521,127.156866
신흥,8호선,14832,7301,3064,2229,2,4,16,79,15,2,0,20,0,0,35533,16173,7756,3483,11,5,30,136,23,2,0,31,0,0,2825,8,824,2825,경기도 성남시 수정구 산성대로 지하 280,,,,,,,,Y,,,N,,,,,게이트 외부,532420,1094155,37.440918,127.147564
수진,8호선,16583,7603,3515,1368,7,4,15,48,13,2,0,15,0,0,35450,16588,7464,2482,12,7,21,93,24,4,0,27,0,0,2826,8,825,2826,경기도 성남시 수정구 산성대로 지하 200,,,,,,,,Y,,,N,,,,,게이트 외부,530897,1093162,37.437428,127.140722
모란,8호선,11878,5571,2939,1723,7,3,45,62,16,2,1,26,1,0,29885,13495,7105,2989,7,8,61,108,26,2,1,38,1,0,2827,8,826,1853,경기도 성남시 수정구 산성대로 지하 100,N,N,N,N,N,N,N,Y,Y,,Y,,,,,게이트 외부,528402,1091947,37.43213,127.129087
종합운동장(2),9호선,2171,729,734,246,2,2,4,1,4,1,0,10,1,0,10966,3888,3857,1912,3,8,68,36,19,3,0,32,2,1,4130,9,930,218,서울특별시 송파구 올림픽로 지하 23,N,N,N,N,N,N,N,N,N,N,N,N,N,N,N,게이트 외부,516222,1113652,37.510997,127.073642
신논현,9호선,7128,4123,2207,3402,1,4,44,196,35,0,0,34,2,0,21395,11953,6074,6512,4,5,101,388,49,0,0,70,5,4,4125,9,925,4125,서울특별시 강남구 봉은사로 지하 102,N,N,N,N,N,N,N,N,N,N,N,N,N,N,N,게이트 외부,505392,1111790,37.504598,127.02506
사평,9호선,13355,4311,4164,262,5,2,3,21,14,0,0,3,0,1,28860,10833,8842,3408,11,6,48,87,41,2,1,28,1,1,4124,9,924,4124,서울특별시 서초구 사평대로 지하 285,N,N,N,N,N,N,N,N,N,N,N,N,N,N,N,게이트 외부,503232,1111740,37.504206,127.015259
"고속터미널(3, 7)",9호선,7106,2378,2341,3146,3,5,36,106,22,1,2,19,1,0,22334,7271,7206,3504,5,7,57,130,29,1,2,27,1,1,4123,9,923,329,서울특별시 서초구 신반포로 지하 188,N,N,N,N,N,N,N,N,N,N,N,N,N,N,N,"게이트 내부,외부",500913,1111778,37.50481,127.004943
신반포,9호선,10581,3347,3349,644,11,6,7,30,16,2,0,5,0,0,22145,7151,7022,3598,11,11,39,100,36,3,1,24,1,0,4122,9,922,4122,서울특별시 서초구 신반포로 지하 105,N,N,N,N,N,N,N,N,N,N,N,N,N,N,N,게이트 외부,499032,1111478,37.503415,126.995925
구반포,9호선,9500,3099,3011,869,8,2,11,26,13,0,0,6,0,0,17938,5791,5680,1049,8,3,15,35,26,1,0,7,0,0,4121,9,921,4121,서울특별시 서초구 신반포로 지하 17,N,N,N,N,N,N,N,N,N,N,N,N,N,N,N,게이트 외부,497032,1110978,37.501364,126.987332
동작(4),9호선,2831,897,889,94,0,0,0,1,6,0,0,2,0,0,3883,1276,1196,109,2,0,0,1,9,0,0,2,0,0,4120,9,920,431,서울특별시 동작구 현충로 지하 220,N,N,N,N,N,N,N,N,N,N,N,N,N,N,N,"게이트 내부,외부",495157,1111287,37.502971,126.979306
흑석,9호선,7221,3689,1999,1083,6,1,10,49,16,0,0,11,0,0,19089,7911,4621,1327,22,5,12,60,27,1,0,18,0,2,4119,9,919,4119,서울특별시 동작구 현충로 지하 90,N,N,N,N,N,N,N,N,N,N,N,N,N,N,N,게이트 외부,491832,1112978,37.50877,126.963708
노들,9호선,7776,3568,2226,1531,2,5,4,13,22,2,0,8,0,1,17928,7916,5522,1875,5,6,5,28,35,3,0,13,0,2,4118,9,918,4118,서울특별시 동작구 노량진로 지하 238,N,N,N,N,N,N,N,N,N,N,N,N,N,N,N,게이트 외부,489532,1114078,37.512887,126.953222
노량진,9호선,5845,4103,1416,2225,1,6,13,21,16,2,0,20,0,0,15091,8803,3583,3443,4,10,39,47,23,2,0,30,0,1,4117,9,917,1004,서울특별시 동작구 노량진로 지하 130,N,N,N,N,N,N,N,N,N,N,N,N,N,N,N,"게이트 내부,외부",487327,1114430,37.514219,126.942454
샛강,9호선,5313,2067,1916,4007,0,5,447,98,30,1,1,21,1,1,16741,6409,5776,5070,5,8,472,120,44,2,1,33,1,2,4116,9,916,4116,서울특별시 영등포구 의사당대로 지하 166,N,N,N,N,N,N,N,N,N,N,N,N,N,N,N,게이트 외부,483932,1115178,37.517274,126.928422
여의도(5),9호선,5716,2047,2091,4197,4,4,481,109,23,0,0,22,1,1,8717,3370,3427,6959,4,13,599,145,37,1,1,46,2,1,4115,9,915,2527,서울특별시 영등포구 의사당대로 지하 101,N,N,N,N,N,N,N,N,N,N,N,N,N,N,N,"게이트 내부,외부",483100,1116530,37.521624,126.924191
국회의사당,9호선,845,554,558,2774,0,14,116,38,17,2,0,23,1,1,845,554,558,2774,0,14,116,38,17,2,0,23,1,1,4114,9,914,4114,서울특별시 영등포구 국회대로 지하 758,N,N,N,N,N,N,N,N,N,N,N,N,N,N,N,"게이트 내부,외부",481632,1118278,37.528105,126.917874
당산(2),9호선,12487,5772,4928,1357,4,4,65,67,16,2,0,17,0,0,23722,10278,8860,2191,10,7,82,93,34,2,0,22,0,2,4113,9,913,237,서울특별시 영등포구 당산로 229,N,N,N,N,N,N,N,N,N,N,N,N,N,N,N,게이트 내부,478290,1120184,37.53438,126.902281
선유도,9호선,9452,4116,3376,1977,14,4,30,59,29,0,0,24,0,3,13206,5578,4636,2223,16,5,39,61,36,1,0,27,0,3,4112,9,912,4112,서울특별시 영등포구 양평로 지하 124,N,N,N,N,N,N,N,N,N,N,N,N,N,N,N,게이트 외부,476232,1121000,37.53802,126.893525
신목동,9호선,7339,2641,2346,354,3,1,4,8,18,1,0,6,0,0,13454,4858,4414,680,3,1,8,16,29,1,0,7,0,0,4111,9,911,4111,서울특별시 양천구 목동중앙로 지하 217,N,N,N,N,N,N,N,N,N,N,N,N,N,N,N,게이트 외부,474030,1122700,37.544277,126.88308
염창,9호선,16071,6390,5315,1261,2,2,15,72,25,0,0,11,0,0,29444,11500,9797,1742,5,2,18,100,37,0,0,17,0,1,4110,9,910,4110,서울특별시 강서구 공항대로 지하 631,N,N,N,N,N,N,N,N,N,N,N,N,N,N,N,게이트 외부,472150,1123550,37.546936,126.874916
등촌,9호선,14734,6302,5057,1611,8,2,19,84,21,1,0,12,0,0,32430,12781,10559,2353,11,7,25,119,38,3,0,25,0,2,4109,9,909,4109,서울특별시 강서구 공항대로 지하 529,N,N,N,N,N,N,N,N,N,N,N,N,N,N,N,게이트 외부,470000,1124700,37.550632,126.865689
증미,9호선,15110,6625,5851,1636,10,7,13,39,18,2,1,13,0,2,36630,15462,13888,2643,12,7,19,87,45,2,2,19,0,2,4108,9,908,4108,서울특별시 강서구 양천로 지하 560,N,N,N,N,N,N,N,N,N,N,N,N,N,N,N,게이트 외부,469000,1126600,37.557402,126.861939
가양,9호선,18639,8591,8363,1369,9,3,13,88,34,0,3,11,0,0,40453,18382,17695,1984,17,6,19,130,60,3,3,20,0,0,4107,9,907,4107,서울특별시 강서구 양천로 지하 485,N,N,N,N,N,N,N,N,N,N,N,N,N,N,N,게이트 외부,467700,1127500,37.561391,126.854456
양천향교,9호선,8563,4196,3892,1456,4,4,32,33,46,0,0,14,0,2,18782,7980,7682,1516,5,4,32,43,48,0,0,15,0,2,4106,9,906,4106,서울특별시 강서구 양천로 지하 341,N,N,N,N,N,N,N,N,N,N,N,N,N,N,N,게이트 외부,464880,1129370,37.568381,126.841333
마곡나루,9호선,3189,1170,1164,127,0,1,2,7,21,0,0,5,0,0,9610,3227,3215,149,1,1,2,7,25,0,0,5,0,0,4105,9,905,4105,서울특별시 강서구 마곡중앙5로 지하 2,N,N,N,N,N,N,N,N,N,N,N,N,N,N,N,게이트 외부,461700,1129100,37.567336,126.829497
신방화,9호선,14015,5426,4249,354,2,0,0,8,11,0,0,7,0,0,31590,11835,9604,1279,5,1,7,42,51,0,0,16,0,0,4104,9,904,4104,서울특별시 강서구 방화대로 지하 301,N,N,N,N,N,N,N,N,N,N,N,N,N,N,N,게이트 외부,459400,1129200,37.567532,126.816601
공항시장,9호선,12149,5627,3295,1205,3,3,8,45,15,1,0,13,0,1,22525,10134,5926,2334,7,14,17,63,95,5,2,26,1,2,4103,9,903,4103,서울특별시 강서구 방화동로 지하 30,N,N,N,N,N,N,N,N,N,N,N,N,N,N,N,게이트 외부,458100,1128200,37.563726,126.810678
김포공항,9호선,16,5,7,601,1,10,5,2,63,4,2,7,1,0,16,5,7,601,1,10,5,2,63,4,2,7,1,0,4102,9,902,2513,서울특별시 강서구 하늘길 지하 77,N,N,N,N,N,N,N,N,N,N,N,N,N,N,N,"게이트 내부,외부",455957,1127820,37.562434,126.801058
개화,9호선,1090,461,256,401,0,2,0,0,29,2,2,6,1,0,1996,803,490,898,3,11,5,5,71,5,2,9,1,0,4101,9,901,4101,서울특별시 강서구 개화동로8길 19,N,N,N,N,N,N,N,N,N,N,N,N,N,N,N,게이트 외부,455020,1132300,37.578608,126.798153
