호선,역,인구_100,가구_100,주택_100,사업체수_100,교육시설_100,공공기관_100,금융시설_100,의료시설_100,대중교통_100,방범.방재_100,백화점.중대형마트_100,편의점_100,극장.영화관_100,도서관.박물관_100,인구_300,가구_300,주택_300,사업체수_300,교육시설_300,공공기관_300,금융시설_300,의료시설_300,대중교통_300,방범.방재_300,백화점.중대형마트_300,편의점_300,극장.영화관_300,도서관.박물관_300,인구_500,가구_500,주택_500,사업체수_500,교육시설_500,공공기관_500,금융시설_500,의료시설_500,대중교통_500,방범.방재_500,백화점.중대형마트_500,편의점_500,극장.영화관_500,도서관.박물관_500
1,도봉산,429,179,92,121,0,0,0,5,4,0,0,2,0,0,5014,1767,1600,213,2,0,0,10,6,0,0,2,0,0,16113,5719,5227,713,7,1,1,34,27,1,0,7,0,0
1,창동,2706,1173,1084,1035,2,4,31,62,9,0,1,15,0,0,10960,4067,3882,1418,3,7,39,84,16,1,2,17,0,1,31842,11137,10889,1721,6,9,41,117,19,2,2,18,0,1
1,석계,2146,1016,595,526,1,2,4,31,16,0,0,6,0,1,14551,5810,4270,1048,1,3,5,55,19,0,0,8,1,1,34952,13270,10409,1524,5,5,9,79,31,1,0,11,1,1
1,청량리,1346,684,465,1002,0,1,19,53,14,0,0,7,1,0,6188,2920,2018,2595,0,1,48,69,19,0,2,10,3,0,19000,8688,5485,4873,0,8,62,110,32,4,2,15,3,0
1,제기동,4453,2394,1999,1049,1,3,12,69,7,0,0,7,0,1,9717,4464,3010,2026,0,4,14,106,10,1,0,9,0,1,23489,10735,7815,5049,3,8,58,159,29,2,1,18,1,1
1,신설동,1969,1138,686,1748,2,3,52,13,8,1,0,14,0,1,7792,4168,2991,3249,5,7,95,39,18,2,0,28,0,1,19542,9501,6463,5286,5,9,112,66,32,3,1,40,1,1
1,동묘앞,3713,1963,1606,1334,5,3,15,43,11,1,0,10,0,0,10625,5274,3634,3437,6,4,36,67,16,1,0,19,0,1,25957,12241,8879,16704,12,14,99,114,34,6,1,44,3,3
1,동대문,1488,752,453,964,0,0,11,10,6,0,0,6,0,0,7802,3836,2467,23756,6,14,86,138,33,6,0,34,4,1,18314,8526,5923,25707,12,16,96,171,45,8,0,46,4,2
1,종로5가,1204,726,510,7102,2,4,39,91,13,1,0,14,1,0,3692,1950,1482,17575,2,9,93,135,38,5,0,26,2,1,6060,3305,2450,24775,6,14,123,162,55,6,0,38,4,1
1,종로3가,739,474,413,4059,0,8,109,82,29,5,0,32,4,5,2786,1836,1209,14115,2,10,150,103,35,5,0,44,4,9,5312,3085,2293,21395,4,20,323,169,54,7,0,86,9,25
1,종각,739,474,413,4059,1,8,113,69,26,2,0,33,2,18,1878,1266,1103,8485,3,32,378,160,41,6,0,67,4,25,3995,2347,1782,15739,11,42,766,303,78,9,4,111,14,30
1,시청,796,422,398,4964,7,19,334,78,40,4,5,37,5,5,804,428,410,5732,7,20,423,103,44,4,5,43,5,5,2764,1101,955,20468,9,42,853,317,88,8,7,104,15,13
1,서울역,915,603,358,848,0,1,25,36,11,0,0,18,0,0,5119,2980,2147,1582,0,4,93,50,24,2,1,27,1,0,17824,8943,6175,3850,2,12,205,102,37,3,1,47,1,2
1,노량진,1758,1150,699,1590,0,3,9,15,13,2,0,7,0,0,5845,4103,1416,2225,1,6,13,21,16,2,0,20,0,0,15091,8803,3583,3443,4,10,39,47,23,2,0,30,0,1
1,신길,2212,1493,1301,113,1,0,0,0,2,0,0,3,0,0,8103,4578,3662,2710,4,4,66,37,16,3,1,26,2,0,16542,7946,6181,3499,9,7,87,57,23,4,1,36,2,0
1,신도림,1272,667,669,998,2,0,37,20,6,0,1,11,2,0,9803,4096,3847,2956,2,2,76,54,13,0,3,21,2,0,28319,11272,10224,3915,3,3,85,85,26,0,3,28,2,0
1,가산디지털단지,900,597,504,6646,0,4,66,51,33,1,0,31,0,0,8846,5226,2358,897,0,4,66,51,33,1,0,32,0,1,7497,4345,2439,11980,1,7,106,75,55,1,0,62,1,2
1,온수,2339,1012,964,179,0,0,2,4,10,0,0,6,0,0,6305,2566,2412,281,1,1,3,7,13,1,0,6,0,0,16408,5932,5639,806,18,1,5,19,33,1,0,11,0,1
2,까치산,4351,2055,1646,578,0,0,10,55,7,0,0,7,0,0,18312,8191,6226,1362,2,3,12,92,14,1,0,18,0,2,45413,19667,15471,2088,3,5,14,124,19,1,0,30,0,2
2,신정네거리,3155,1500,560,717,0,2,8,51,7,1,0,5,0,0,14994,6609,3501,1166,0,3,10,68,10,1,0,9,0,0,36618,15170,9507,2001,9,5,12,107,24,1,0,17,0,1
2,양천구청,1513,488,488,27,2,1,0,1,5,1,0,1,0,0,13416,4608,4488,437,3,1,2,30,9,1,0,3,0,0,30001,10558,10418,1181,7,7,12,75,21,2,0,12,0,0
2,도림천,1275,688,635,584,2,0,4,3,6,0,0,2,0,1,6164,2284,2209,810,3,0,6,7,12,0,0,3,0,1,20317,6896,6787,1304,5,1,9,38,25,0,0,8,0,2
2,신설동,1969,1138,686,1748,2,3,52,13,8,1,0,14,0,1,7792,4168,2991,3249,5,7,95,39,18,2,0,28,0,1,19542,9501,6463,5286,5,9,112,66,32,3,1,40,1,1
2,용두,2286,1269,997,478,0,4,9,20,8,1,1,3,0,1,9717,4464,3010,2026,0,9,19,36,11,3,1,8,0,3,22997,10222,6768,5617,8,13,60,134,34,3,1,15,1,3
2,신답,1376,521,372,103,0,0,0,2,9,0,0,0,0,0,10153,3948,3127,1312,3,1,16,24,19,0,0,8,0,0,24272,10105,7422,3035,6,4,26,53,28,0,0,15,0,2
2,용답,4054,1775,824,168,4,0,3,8,4,0,0,6,0,0,11777,5276,2042,555,5,2,4,23,5,1,0,8,0,0,2312,10209,4482,1585,22,6,26,57,17,2,0,18,0,1
2,충정로,2482,1233,1008,933,0,3,35,24,15,0,0,10,0,0,12499,5577,4794,1862,6,11,84,44,27,6,0,19,1,1,23034,10154,8187,2897,17,16,113,78,48,7,1,28,1,1
2,아현,2316,1222,548,871,7,1,13,37,18,0,0,5,0,0,9919,4371,3158,1137,7,3,16,50,25,0,0,5,0,1,27294,11391,8870,1798,15,4,25,75,34,1,0,10,0,1
2,이대,3186,2237,1649,1032,4,2,8,42,11,0,0,11,0,0,13865,8207,5040,2403,27,8,34,78,29,1,0,24,3,0,27448,14214,9397,3001,51,9,38,102,43,2,0,30,4,0
2,신촌,2816,1869,1125,1587,4,2,29,107,21,1,2,18,0,0,8798,5407,2984,2868,17,4,59,138,29,1,2,39,4,1,18591,11285,6704,3957,18,5,62,176,54,1,2,57,6,2
2,홍대입구,1496,845,487,1541,0,1,47,45,8,1,0,9,5,1,6982,3993,2187,4651,1,2,90,95,25,1,0,38,11,7,20503,11194,6291,6702,9,5,100,122,42,3,0,62,15,9
2,합정,2647,1319,1080,1137,0,2,26,23,5,1,1,13,3,0,8835,4185,3191,2574,2,4,47,56,13,3,1,29,5,0,19525,9115,6513,4544,3,5,73,79,27,4,1,51,9,1
2,당산,1809,1188,716,518,0,2,36,12,3,1,0,6,0,0,8936,24632,3864,1076,1,4,49,52,11,2,0,13,0,0,19053,8579,7260,2005,10,6,81,87,31,2,0,21,0,2
2,영등포구청,1957,1042,523,1700,1,2,61,31,6,0,0,11,0,0,13052,5738,4127,2634,6,6,82,59,17,1,0,19,0,2,24757,10533,7789,4078,6,8,101,78,34,1,1,24,0,2
2,문래,1929,782,663,899,1,1,15,31,7,0,1,8,0,1,14024,5258,4729,3728,5,5,74,65,28,1,1,19,1,2,21597,8748,7171,6109,5,7,92,79,39,1,1,27,1,2
2,신도림,1272,667,669,998,2,0,37,20,6,0,1,11,2,0,9803,2096,3847,2956,2,2,76,54,13,0,3,21,2,0,28319,11272,10223,3915,3,3,85,5,26,0,3,38,2,0
2,대림,2604,1193,836,283,1,0,5,7,5,0,0,4,0,0,11115,5140,3532,1414,3,3,27,51,10,1,0,14,0,0,31864,14728,10890,4628,9,10,79,138,29,3,0,31,0,2
2,구로디지털단지,1965,1010,706,462,3,0,17,18,9,0,0,6,0,0,11199,6057,3947,2950,3,5,86,56,28,1,1,23,0,0,22986,11838,7597,4570,3,6,109,84,37,1,2,36,0,0
2,신대방,3468,1722,737,404,1,1,3,17,4,1,0,6,0,0,11848,6092,2561,953,4,5,8,37,13,2,0,12,0,0,32218,15176,7565,2020,8,8,15,87,24,2,0,22,0,0
2,신림,3836,2668,1399,1575,0,1,16,61,11,1,1,20,1,0,13866,9184,4100,2370,0,2,26,95,16,1,1,32,1,0,37433,22352,9835,3404,3,9,31,128,29,3,1,48,1,1
2,봉천,3062,1533,870,720,2,1,12,40,5,0,0,7,0,1,16822,7945,4540,1387,4,4,16,71,8,1,0,11,1,2,36099,17434,10578,2486,8,6,28,124,20,1,0,23,1,2
2,서울대입구,3693,2515,2233,843,0,0,17,49,9,0,0,15,1,0,15499,9721,6324,2309,2,4,34,121,16,0,0,28,1,1,38830,22596,12628,3355,12,11,42,163,26,5,0,41,1,2
2,낙성대,2903,2007,542,401,0,0,6,27,5,0,0,7,0,0,18136,11331,3628,1192,6,3,14,65,13,1,0,20,0,0,33991,18956,7484,1893,8,8,16,104,30,4,0,26,0,3
2,사당,2128,1095,742,1060,1,1,42,43,15,0,0,19,0,0,9542,4754,3028,2065,3,4,79,73,21,0,1,30,0,1,27593,12917,7809,3030,5,10,103,116,36,4,1,38,0,1
2,방배,2469,1036,890,924,1,3,11,55,17,0,0,6,0,0,8571,3345,2706,1396,3,4,19,67,19,0,0,9,0,0,21825,8320,6618,2253,6,4,34,101,33,0,0,16,0,0
2,서초,2740,1163,879,2832,0,12,60,45,18,2,0,13,0,1,3150,1322,994,2852,1,12,60,45,18,2,0,13,0,1,8904,3785,2890,4587,1,15,110,76,26,2,0,25,2,1
2,교대,1937,1081,678,3718,0,8,90,144,21,1,0,17,0,0,6129,2589,1760,4561,3,9,112,173,22,1,0,24,1,0,18391,6875,5678,5948,4,10,158,197,30,1,0,35,1,0
2,강남,2442,1269,1083,3197,0,4,139,211,20,0,0,37,3,0,6984,3808,3380,4706,1,4,169,335,39,0,0,49,5,2,14520,7350,6211,7872,4,11,314,419,53,0,0,78,5,2
2,역삼,1952,1055,759,2562,0,0,167,49,8,0,0,23,0,1,5841,3345,1906,4114,0,3,236,96,12,0,0,40,0,1,14329,8144,4879,6522,0,4,306,131,16,0,0,58,0,2
2,선릉,1980,1283,1217,3026,0,0,212,111,5,0,0,30,0,0,8905,4590,3713,4612,4,2,269,145,12,0,0,47,0,0,18675,9190,7333,6271,4,5,320,176,19,0,0,65,1,0
2,삼성,1458,678,557,3520,1,6,160,91,27,3,2,27,3,1,1905,878,691,3696,3,6,165,95,28,3,2,28,3,1,4593,2130,1684,4761,5,7,206,113,33,4,2,45,4,1
2,종합운동장,0,0,1,245,2,2,4,1,4,1,0,10,1,0,2171,729,734,246,2,2,4,1,4,1,0,10,1,0,10966,3888,3857,1912,3,8,68,36,19,3,0,32,2,1
2,잠실새내,5139,1893,1602,1161,0,3,31,108,9,1,0,8,0,1,17816,6253,5448,1793,0,3,47,155,10,1,0,16,0,1,43532,15720,1373,2394,13,6,52,185,15,2,0,26,0,1
2,잠실,2607,909,924,977,0,2,14,17,15,0,5,13,1,0,5472,1883,1901,1456,0,2,99,45,19,0,6,17,1,0,13965,4833,4882,2446,5,7,112,88,24,1,6,20,1,0
2,잠실나루,2674,881,883,200,2,0,4,22,2,0,0,3,0,0,14913,5016,5052,784,5,2,11,58,7,0,0,7,0,0,28917,9522,9593,1629,7,3,102,95,21,0,0,14,0,0
2,강변,87,41,26,1321,0,1,17,24,15,0,1,7,1,0,7592,2716,2515,1589,1,1,19,37,16,0,1,12,1,0,22192,7918,7512,2203,7,6,30,63,27,0,1,14,1,1
2,구의,1915,933,374,645,0,3,11,19,5,0,0,6,0,0,11308,5714,3205,1627,0,5,24,71,10,0,0,15,0,1,30451,14253,7915,2870,12,7,37,107,18,0,0,29,0,1
2,건대입구,3154,2043,690,989,0,1,7,50,7,0,0,14,0,0,12199,6210,1946,2059,15,3,23,78,9,0,2,27,2,2,33265,16623,6989,3106,18,3,29,107,20,0,7,38,3,2
2,성수,1448,666,355,1128,0,2,9,16,4,0,0,10,0,0,8760,3880,2687,4633,2,8,32,41,28,3,1,27,0,0,14622,6338,4437,5658,5,9,37,51,36,3,1,34,0,0
2,뚝섬,2855,1298,650,938,1,0,9,16,6,0,0,6,0,0,13384,5734,3693,2867,3,3,22,49,18,1,0,21,0,0,23701,10335,6524,4294,7,5,27,69,26,1,0,33,0,1
2,한양대,1851,451,101,212,16,1,3,3,5,0,0,6,0,0,4650,1985,942,619,16,2,5,6,10,1,0,13,1,0,10440,5252,2672,1826,21,7,12,20,23,3,1,26,2,0
2,왕십리,1099,577,509,488,0,5,3,6,7,2,1,7,1,0,11829,6219,3350,2071,2,8,37,77,15,3,1,23,1,2,27011,12846,6816,3434,26,12,51,120,32,5,1,41,2,3
2,상왕십리,2424,1262,860,305,1,0,2,3,9,0,0,3,0,0,12224,5682,3249,1415,2,4,28,60,17,2,0,8,0,1,31343,13087,9193,2389,8,8,35,107,27,3,0,20,0,2
2,신당,2799,1374,766,1138,0,4,11,31,3,2,0,5,0,1,11836,5779,3764,14447,8,11,47,86,15,8,0,30,2,2,23071,10663,7466,15356,9,14,53,106,26,8,0,34,2,4
2,동대문역사문화공원,924,486,421,5447,0,3,66,26,13,0,0,12,2,0,4602,2440,1841,16856,4,11,101,53,24,6,0,24,4,1,12114,6262,4059,20793,7,14,116,71,33,7,0,39,4,1
2,을지로4가,1803,1227,852,10188,1,3,62,31,15,1,0,16,2,0,1899,1294,912,14138,1,3,75,4,24,1,0,17,2,1,5224,3037,2343,27738,3,11,207,113,48,6,0,56,3,1
2,을지로3가,202,148,92,2921,2,2,59,20,3,1,0,17,0,0,1892,1040,766,16458,4,13,413,182,45,5,0,72,10,4,4843,2798,1991,25600,4,25,560,258,64,10,0,105,14,10
2,을지로입구,919,349,250,7938,0,22,573,177,47,4,4,58,9,3,919,349,250,7938,2,22,573,177,47,4,4,58,9,3,3386,1921,1650,23387,10,46,854,332,94,29,6,124,13,29
2,시청,796,422,398,4964,7,19,334,78,40,4,5,37,5,5,804,428,410,5732,7,20,423,103,44,4,5,43,5,5,2764,1101,955,20468,9,42,853,317,88,8,7,104,15,13
3,오금,2170,818,527,318,3,4,1,8,6,2,0,2,0,1,7408,2807,2152,794,4,5,6,22,11,2,0,7,0,1,21904,7976,6257,1769,10,7,8,52,21,4,0,16,0,1
3,경찰병원,2161,869,658,210,0,1,4,4,2,1,0,5,0,0,17772,6856,5709,2129,0,5,40,47,12,1,0,14,0,0,31394,11834,9614,3702,9,7,51,103,28,2,0,25,0,1
3,가락시장,2243,1026,870,4495,0,2,43,57,11,1,1,8,0,0,6137,2451,2222,4706,0,2,45,61,12,1,1,9,0,0,21445,8033,7295,7435,2,7,72,89,29,2,3,28,2,1
3,수서,899,507,483,1226,1,3,14,34,15,1,0,7,0,0,9354,4341,4239,1363,6,3,14,44,17,1,0,9,0,1,14632,6881,6703,1485,7,3,19,48,22,1,0,11,0,1
3,일원,2286,702,702,37,0,0,1,1,5,0,0,1,0,0,13122,4282,4188,287,7,3,5,24,19,1,0,4,0,1,19616,6432,6080,337,8,3,5,31,20,1,0,5,0,1
3,대청,2087,871,783,345,3,3,4,27,7,1,0,4,0,1,10385,3792,3256,795,5,3,7,57,9,1,0,6,0,1,25371,10030,8321,1134,8,3,9,71,12,1,0,9,0,1
3,학여울,3227,1031,1034,47,0,0,0,2,2,0,0,2,0,0,10829,3419,3420,184,0,0,3,8,7,0,0,6,0,0,27717,9669,9700,763,5,6,13,48,15,1,0,12,1,1
3,대치,1571,474,471,1013,1,5,22,80,7,1,0,5,1,1,13370,4050,4051,1211,2,5,24,88,10,1,0,7,1,1,33711,10295,10269,1716,7,7,34,122,14,2,0,12,1,2
3,도곡,3233,1039,1042,106,4,0,5,6,7,0,0,3,0,0,13739,4503,4522,700,5,4,38,58,14,1,0,8,0,0,33503,10870,10804,1446,15,5,62,102,22,1,0,16,0,2
3,매봉,3734,1393,1264,375,1,1,3,10,5,1,0,6,0,0,9277,3513,3170,981,4,3,11,25,12,1,0,12,0,0,19475,7017,6631,1915,9,5,53,62,16,2,0,19,0,1
3,양재,2426,1154,951,1237,2,3,25,77,21,0,0,11,0,0,7286,3550,2342,2473,6,6,49,125,29,0,0,22,0,0,14329,6372,4527,3892,6,7,78,150,38,0,0,32,1,0
3,남부터미널,2997,1650,1404,2282,1,3,45,50,13,1,0,15,0,1,11243,4982,4458,3724,3,3,76,67,24,1,0,28,2,2,18848,7904,6545,5405,11,6,109,100,34,2,0,43,6,3
3,교대,1937,1081,678,3718,0,8,90,144,21,1,0,17,0,0,6129,2589,1760,4561,3,9,112,173,22,1,0,24,1,0,18301,6875,5678,5948,4,10,158,197,30,1,0,35,1,0
3,고속터미널,0,0,3,1901,0,2,4,3,11,1,1,12,1,0,7106,2378,2341,3146,3,5,36,106,22,1,2,19,1,0,22334,7271,7206,3504,5,7,57,130,29,1,2,27,1,1
3,잠원,2410,896,882,203,0,2,3,12,4,1,0,1,0,0,13590,4981,4960,277,4,2,3,26,8,1,0,1,0,0,28617,10585,9875,1756,7,3,19,126,18,1,1,10,0,0
3,신사,2205,1242,638,1994,0,1,42,153,8,0,0,19,3,1,6854,3602,2256,3566,0,2,65,196,16,0,0,32,3,1,17893,8425,5438,6089,1,3,75,242,22,0,1,46,4,1
3,압구정,2396,935,835,2140,0,2,56,374,9,0,0,19,3,0,6593,2418,2329,2204,1,2,57,374,9,0,1,19,3,1,15954,6126,5422,3973,8,4,82,508,17,0,1,37,3,2
3,옥수,3011,1161,890,394,3,0,4,19,8,0,0,3,0,0,10796,4120,3862,432,4,0,4,24,9,0,0,4,0,0,24637,9743,9276,851,10,3,10,48,32,1,0,5,0,0
3,금호,3697,1498,1093,265,0,0,2,20,8,0,0,4,0,0,12808,5041,4264,454,3,2,3,30,24,1,0,5,0,0,35246,14124,11942,1812,11,6,16,118,46,3,0,17,0,0
3,약수,2645,1249,848,994,1,3,8,53,12,1,0,11,0,1,10538,4512,3211,1594,3,5,14,74,13,2,0,15,0,1,30645,12924,10171,2522,13,7,22,105,26,2,1,20,1,3
3,동대입구,1450,757,611,455,0,2,8,7,9,1,1,4,2,1,5811,2540,1755,988,12,3,11,9,12,1,1,10,2,1,15735,7211,5023,2716,15,5,24,70,18,1,1,23,2,3
3,충무로,1636,1001,577,4379,1,6,61,33,8,2,0,16,3,1,3343,1927,1259,9077,3,9,122,60,13,4,0,37,5,1,6827,3293,2318,14574,21,19,387,174,31,7,0,77,14,2
3,을지로3가,202,148,92,2921,2,2,59,20,3,1,0,17,0,0,1892,1040,766,16458,4,13,413,182,45,5,0,72,10,4,4843,2798,1991,25600,6,25,560,258,64,10,0,105,14,10
3,종로3가,739,474,413,4059,0,8,109,82,29,5,0,32,4,5,2786,1836,1209,14115,2,10,150,103,35,5,0,44,4,9,5312,3085,2293,21395,4,20,323,169,54,7,0,86,9,25
3,안국,1928,942,725,1006,9,5,14,22,16,2,0,6,2,10,3854,1920,1479,3610,12,12,81,60,31,3,0,27,2,31,7003,3633,2930,9378,14,25,164,120,48,7,0,46,6,37
3,경복궁,2578,1201,1000,2604,1,19,92,77,22,4,1,19,2,8,5097,2319,2021,5087,1,24,160,120,37,4,1,34,2,23,10491,4699,4158,7173,6,39,228,166,46,8,1,51,3,27
3,독립문,2676,1120,1013,306,2,4,4,16,13,0,0,5,0,3,12732,4703,441,403,4,4,5,22,17,0,0,7,0,3,22475,8757,7804,886,5,13,11,48,42,3,0,9,0,5
3,무악재,4099,1469,1358,235,0,0,1,12,3,0,0,2,0,0,11680,4398,3985,410,3,0,1,20,11,0,0,3,0,0,19661,7517,6730,671,4,1,4,39,16,0,0,4,0,0
3,홍제,3055,1405,797,505,3,2,8,36,8,1,0,5,0,0,12678,5314,3603,1477,5,4,18,90,15,1,0,8,0,0,28857,11505,8376,2281,9,5,23,132,35,1,0,13,0,0
3,녹번,2593,1108,782,213,2,1,2,9,4,1,0,2,0,1,8760,3712,2933,567,2,1,7,25,7,1,0,5,0,1,18899,7499,6025,823,6,4,7,45,19,2,0,7,0,1
3,불광,1843,979,692,893,0,0,9,41,9,0,1,5,2,0,12153,5824,4440,1824,1,6,34,110,21,2,1,11,2,0,30854,13502,10240,2409,3,8,38,138,29,2,1,16,3,0
3,연신내,2618,1379,953,1074,1,1,36,66,8,1,0,10,0,0,13019,6249,3863,2158,3,3,55,123,18,1,0,22,2,0,35275,15280,10112,3065,11,5,59,165,37,1,0,33,2,1
3,구파발,642,14,11,79,7,4,1,10,16,2,0,2,0,0,3941,1701,1718,153,8,4,2,19,22,2,0,3,0,0,12261,4261,4279,257,9,4,4,28,25,2,0,5,0,0
4,당고개,3750,1515,1057,232,2,0,0,9,2,0,0,4,0,0,13718,5715,4308,645,5,1,2,28,6,1,0,6,0,0,23299,9372,7544,994,6,3,3,41,11,1,0,8,0,0
4,상계,3767,1521,1387,543,0,0,5,22,4,0,0,5,0,0,19085,7202,5615,1412,3,1,13,80,10,0,0,12,0,2,44273,17244,12960,2419,7,6,17,114,20,2,0,20,0,2
4,노원,1553,640,474,1352,0,0,12,57,10,0,1,10,1,0,12095,4864,4271,2461,0,5,90,193,24,0,0,23,0,0,29133,11729,10191,3236,10,11,131,251,35,0,0,32,0,0
4,창동,2706,1173,1084,1035,2,4,31,62,9,0,1,15,0,0,10960,2067,3882,1418,3,7,39,84,16,0,2,17,0,0,31842,11137,10889,1721,6,9,41,117,19,2,2,18,0,0
4,쌍문,3435,1716,1030,551,1,0,8,40,5,0,0,6,0,0,15442,7117,4070,1313,3,0,10,73,19,0,0,14,0,0,40154,16610,11460,2134,14,6,16,114,37,2,0,26,0,1
4,수유,1611,909,708,927,0,2,80,69,13,1,0,12,0,0,13359,6887,3589,2377,0,7,122,113,28,1,0,39,0,0,33224,16069,9146,3956,3,9,135,159,37,3,0,51,1,0
4,미아,2021,852,463,355,2,3,13,22,8,1,0,5,0,1,12852,5407,3009,1413,6,9,28,59,21,3,0,12,0,2,31354,13095,8241,2588,8,11,32,113,28,4,0,19,0,4
4,미아사거리,1492,805,269,676,3,1,10,38,10,1,1,4,1,0,10155,4862,2257,1442,3,3,15,66,20,2,2,11,1,0,26917,11698,6789,2907,14,10,25,129,42,4,3,21,1,2
4,길음,3574,1362,1231,467,0,2,3,29,12,1,0,1,0,0,13457,5246,2796,942,2,2,10,50,18,1,0,4,0,0,39753,15127,13287,2106,6,10,17,116,40,5,2,15,0,1
4,성신여대입구,3619,2143,1338,1024,2,6,14,72,12,2,0,7,2,0,9741,5122,3211,2083,2,6,26,109,18,2,0,15,2,0,31939,14862,9632,3146,15,8,38,152,30,2,0,36,2,0
4,한성대입구,2350,1270,697,466,0,1,6,33,11,0,0,7,0,0,11852,5499,2980,1188,9,4,12,60,29,2,0,16,3,2,26147,11631,7292,2097,14,7,16,100,44,2,0,26,23,7
4,혜화,2676,1035,556,1231,9,3,14,26,20,0,0,12,48,5,7011,3434,1898,1664,9,7,16,41,23,1,0,15,55,8,15785,7485,4863,2347,12,12,20,64,39,3,0,25,62,10
4,동대문,1488,752,453,964,0,0,11,10,6,0,0,6,0,0,7802,3836,2467,23756,6,14,86,138,33,6,0,34,4,1,18314,8526,5923,25707,12,16,96,171,45,8,0,46,4,2
4,동대문역사문화공원,924,486,421,5447,0,3,66,26,13,0,0,12,2,0,4602,2440,1841,16856,4,11,101,53,24,6,0,24,4,0,12114,6262,4059,20793,7,14,116,71,33,7,0,39,4,1
4,충무로,1636,1001,577,4379,1,6,61,33,8,2,0,16,3,1,3343,1927,1259,9077,3,9,122,60,13,4,0,37,5,0,6827,3293,2318,14574,21,19,387,174,31,7,0,77,14,2
4,명동,1105,420,267,4020,3,7,266,119,18,0,0,33,6,0,2795,1308,827,7186,11,14,319,145,23,5,0,53,10,0,5093,2455,1779,17360,11,19,463,201,45,8,5,72,11,2
4,회현,523,284,211,8051,0,3,61,32,8,1,1,5,0,0,8153,2056,1600,11434,0,8,229,79,34,3,5,31,1,0,8153,3997,3008,16896,4,18,632,238,63,5,5,76,7,3
4,서울역,915,603,358,848,0,1,25,36,11,0,0,18,0,0,5119,2980,2147,1582,0,4,93,50,24,2,0,27,1,0,17824,8943,6175,3850,2,12,205,102,37,3,0,47,0,2
4,숙대입구 ,1821,1144,618,1277,0,2,29,41,14,0,0,21,0,1,7355,3851,2068,1786,5,4,33,50,23,1,0,24,0,1,16371,8106,4583,2432,10,6,61,67,32,2,0,39,0,1
4,삼각지,2051,1089,879,826,1,6,15,15,11,1,0,6,0,1,5967,3178,2833,3804,1,13,44,43,27,1,1,18,1,2,11084,5320,5031,4179,3,13,45,52,32,1,1,24,1,2
4,신용산,1200,616,497,2923,0,10,27,25,22,2,3,11,2,0,3456,1866,1607,3594,1,14,41,39,26,3,3,16,2,1,7538,3871,3565,4471,3,17,53,45,32,4,3,23,2,1
4,이촌,2741,1073,1065,450,3,5,8,17,6,0,0,5,0,0,9194,3435,3495,792,4,9,15,34,20,1,0,10,0,2,20575,7575,7880,1142,9,10,34,62,25,2,0,15,0,2
4,동작,1353,424,419,13,0,0,0,0,6,0,0,2,0,0,2831,897,889,94,0,0,0,1,6,0,0,2,0,0,3883,1276,1196,109,2,0,0,1,9,0,0,2,0,0
4,총신대입구,3537,1550,1046,1185,0,0,26,96,15,0,1,13,0,0,13862,6018,4108,2116,2,2,59,158,19,0,1,21,2,2,36068,14953,9818,3448,5,5,72,213,42,0,1,32,2,3
4,사당,2128,1095,742,1060,1,1,42,43,15,0,0,19,0,0,9542,4754,3028,2065,3,4,79,73,21,0,0,30,0,0,27593,12917,7809,3030,5,10,103,116,36,4,1,38,0,1
4,남태령,979,400,274,13,0,0,0,0,3,0,0,1,0,0,2737,1088,681,142,1,0,0,8,9,0,0,3,0,0,4124,1644,1115,339,2,1,1,10,15,0,1,3,0,0
5,방화,3787,1953,1940,346,0,0,4,15,6,0,0,7,0,0,16573,6845,6377,654,7,5,5,44,17,2,0,11,0,2,25404,10156,9356,1233,12,6,9,79,27,2,0,12,0,3
5,개화산,2831,1159,1093,175,1,0,1,9,3,0,0,5,0,0,11965,4871,4521,943,7,6,4,40,40,3,2,14,1,2,22249,8802,7345,1738,10,8,10,80,49,4,2,19,1,3
5,김포공항,16,5,7,601,1,10,5,2,63,4,2,7,1,0,16,5,7,601,1,10,5,2,63,4,2,7,1,0,16,5,7,601,1,10,5,2,63,4,2,7,1,0
5,송정,2217,1100,685,326,1,1,5,15,8,0,0,6,0,0,9729,4711,2740,984,4,3,7,31,24,1,0,12,0,1,21491,9994,5962,2267,7,13,14,63,92,5,2,24,1,2
5,마곡,430,189,111,34,3,0,0,1,14,0,0,0,0,0,4661,1832,1601,318,4,2,3,13,38,1,0,3,0,0,12858,4393,4175,910,6,3,5,17,50,1,0,5,0,0
5,발산,2170,993,880,1226,4,2,29,47,42,1,1,12,0,1,5335,2019,1908,1308,4,2,30,58,42,1,1,12,0,1,15835,5607,5220,1692,9,4,32,74,49,1,1,15,0,2
5,우장산,4876,1596,1424,563,1,0,15,52,7,0,0,5,0,0,20996,6846,6126,1119,8,0,18,86,11,0,0,9,0,0,41564,14030,12281,1681,16,6,23,108,22,1,0,20,1,5
5,화곡,3090,1529,1061,624,1,1,25,64,14,0,0,10,0,0,15206,6792,4767,1419,2,2,30,109,16,0,0,14,0,0,38023,15739,11563,2357,6,6,37,144,24,2,0,26,0,2
5,까치산,4351,2055,1646,578,0,0,10,55,7,0,0,7,0,0,18312,8191,6226,1362,2,3,12,92,14,0,0,18,0,2,45413,19667,15471,2088,3,5,14,124,19,1,0,30,0,2
5,신정,4069,1760,1099,174,1,0,0,5,3,0,0,3,0,0,19600,8248,5270,1102,3,1,3,40,7,0,0,12,0,0,33759,14094,9122,2551,8,3,10,100,20,0,0,23,0,1
5,목동,3520,1335,1071,554,1,1,13,64,7,1,0,3,0,0,13245,4977,3846,1374,6,0,20,88,10,0,0,14,0,0,32234,12006,9364,2640,11,6,29,132,22,1,1,25,1,0
5,오목교,3589,1238,995,1672,0,1,28,71,8,0,3,13,2,2,14428,4855,4486,2452,3,2,51,100,16,0,3,19,2,2,32952,11213,10316,3435,8,2,74,129,24,0,4,30,2,2
5,양평,2418,1031,813,247,0,0,6,7,3,0,0,3,0,0,9828,4438,3581,2825,4,4,32,56,17,1,3,18,2,0,16991,7373,6338,3622,6,5,45,66,27,1,4,21,2,0
5,영등포구청,1957,1042,523,1700,1,2,61,31,6,0,0,11,0,0,13052,5738,4127,2634,6,6,82,59,17,0,0,19,0,2,24757,10533,7789,4078,6,8,101,78,34,1,1,24,0,2
5,영등포시장,1895,1167,598,838,2,0,27,33,6,0,0,4,0,0,8317,4283,2664,2310,3,1,56,69,14,0,0,9,1,1,21487,11496,8581,6605,5,9,121,142,37,4,3,39,3,3
5,신길,2212,1493,1301,113,1,0,0,0,2,0,0,3,0,0,8103,4578,3662,2710,4,4,66,37,16,3,1,26,2,0,16542,7946,6181,3499,9,7,87,57,23,4,1,36,2,0
5,여의도,1346,550,582,4128,1,4,479,106,23,0,0,22,1,1,5716,2047,2091,4197,0,0,481,109,23,0,0,22,0,0,8717,3370,3427,6959,4,13,599,145,37,1,1,46,2,1
5,여의나루,1361,491,504,31,4,0,0,0,3,0,0,2,0,0,5059,1837,1904,3941,0,0,440,94,23,0,0,21,0,0,8752,3364,3444,6235,5,11,533,122,35,1,0,39,2,1
5,마포,2331,1287,1105,1135,0,1,35,29,8,0,0,9,0,0,12058,5372,4803,3489,4,7,110,106,20,0,0,24,0,0,2985,12007,11087,4123,8,8,117,123,37,2,0,30,0,1
5,공덕,3283,1730,1691,2117,4,10,85,99,17,2,0,14,0,0,8759,3984,3741,3076,5,13,101,136,28,3,1,22,0,0,33206,13699,12255,4396,14,16,127,180,45,3,1,33,0,3
5,애오개,1407,608,476,347,1,0,9,8,5,0,0,2,0,0,12875,5160,4807,1132,5,2,27,47,17,1,0,6,0,0,29945,12051,10703,2023,12,8,35,81,35,2,0,12,3,1
5,충정로,2482,1233,1008,933,0,3,35,24,15,0,0,10,0,0,12499,5577,5794,1862,6,11,84,44,27,6,0,19,0,0,23034,10154,8187,2897,17,16,113,78,48,7,1,28,1,1
5,서대문,2002,1028,916,1839,7,11,111,33,30,5,1,24,2,4,3991,2005,1579,2275,10,11,127,40,37,5,0,26,2,4,12454,5335,4271,5817,25,31,349,151,85,7,2,57,5,8
5,광화문,989,511,474,3454,0,17,143,72,24,0,1,23,2,19,3910,2125,2057,10590,9,50,504,212,61,9,2,87,9,29,5182,2664,2527,10994,9,53,510,223,66,11,2,89,9,31
5,종로3가,739,474,413,4059,0,8,109,82,29,5,0,32,4,5,2786,1836,1209,14115,0,10,150,103,35,5,0,44,4,9,5312,3085,2293,21395,4,20,323,169,54,7,0,86,9,25
5,을지로4가,1803,1227,852,10188,1,3,62,31,15,1,0,16,2,0,1899,1294,912,14138,0,3,75,40,24,1,0,17,2,0,5224,3037,2343,27738,3,11,207,113,48,6,0,56,3,1
5,동대문역사문화공원,924,486,421,5447,0,3,66,26,13,0,0,12,2,0,4704,2559,1784,9052,0,6,87,47,26,0,0,24,2,0,9928,5370,3703,22859,5,13,122,83,38,7,0,44,4,1
5,청구,3466,1527,829,733,1,1,5,23,4,0,0,6,0,1,11508,4996,2937,1767,4,2,7,48,5,0,0,13,0,2,28973,12418,8415,3967,9,8,25,102,19,2,0,27,0,5
5,신금호,1807,744,363,413,2,5,6,22,24,2,0,4,0,0,8175,3152,2164,527,2,5,6,30,29,2,0,5,0,0,36701,14169,12341,1032,7,6,10,65,56,2,0,13,0,2
5,행당,4626,1539,1420,344,4,2,5,26,9,1,1,3,0,0,19936,6998,5953,653,6,2,6,49,14,1,1,5,0,0,44588,16843,14179,1710,10,6,19,108,53,2,1,14,0,3
5,왕십리,1099,577,509,488,0,5,3,6,7,2,1,7,1,0,11829,6219,3350,2071,2,8,37,77,15,3,0,23,0,2,27011,12846,6816,3434,26,12,51,120,32,5,1,41,2,3
5,마장,1569,648,478,627,3,0,5,11,4,0,0,4,0,0,10750,4497,3298,905,4,1,6,22,12,0,0,7,0,0,23648,10071,7030,2637,10,8,12,40,31,2,1,14,1,0
5,답십리,2830,1321,856,582,0,0,10,20,6,0,0,7,0,1,14677,6961,3686,1635,2,3,29,51,18,2,0,12,0,1,33049,14250,8234,3369,5,6,40,88,29,2,0,18,0,1
5,장한평,2243,1151,972,1563,0,1,152,22,5,0,0,6,0,0,6213,2667,2187,2850,0,0,174,46,11,0,0,12,0,0,12254,4997,3892,3468,3,5,179,50,14,4,0,15,0,0
5,군자,2974,1648,653,689,0,2,17,41,7,0,0,8,2,0,12591,6259,2682,1634,1,5,27,59,17,1,0,18,2,0,36479,17586,7533,2795,3,8,33,80,32,1,0,34,2,1
5,아차산,3356,1527,837,533,5,3,8,28,10,3,0,14,2,1,12722,5405,3122,1065,7,3,12,56,18,3,0,16,2,1,34703,14185,8233,1984,8,5,17,95,31,3,0,29,2,1
5,광나루,2664,905,793,206,3,1,10,8,12,1,0,4,1,0,14514,4864,4217,694,7,3,18,33,20,1,0,10,1,0,21888,6955,6300,821,12,3,18,42,22,1,0,11,1,0
5,천호,2054,1027,494,1341,0,1,29,89,10,0,2,10,0,0,13907,6938,3983,2734,0,0,64,150,20,0,0,22,0,0,34895,15964,8538,4201,0,7,69,184,26,2,3,33,1,1
5,강동,3814,1856,1468,323,0,0,18,9,6,0,0,4,0,0,19168,8905,6471,1526,1,2,42,58,13,1,0,18,0,0,43836,19724,13666,3502,2,5,92,123,21,1,0,41,1,1
5,길동,3771,1740,1013,869,1,1,39,50,8,0,0,10,0,0,16640,6935,5237,1673,5,3,46,78,13,0,0,18,0,0,41431,17179,12599,3397,6,8,68,147,23,2,0,46,0,1
5,굽은다리,2854,1253,813,365,0,0,8,24,3,0,1,4,0,0,17706,6887,4672,1324,3,1,9,71,8,0,1,17,0,0,45252,17418,11263,2638,8,7,13,138,22,1,1,33,0,0
5,명일,3250,1336,893,605,2,0,5,50,12,0,0,6,0,0,11754,4352,3098,1142,6,3,11,89,19,0,0,10,0,0,39051,13832,10636,2160,13,8,17,144,28,3,0,21,0,0
5,고덕,2126,614,617,357,4,4,5,26,9,3,1,5,0,0,10696,3392,3280,1143,13,4,11,73,25,3,1,10,1,1,22026,7048,6812,1438,16,5,14,84,28,3,1,10,1,1
5,상일동,2336,892,739,314,5,1,4,30,11,0,0,3,0,2,6725,2562,2228,445,6,1,5,38,21,0,0,4,1,2,14337,5359,4280,625,10,2,6,48,23,0,0,5,1,2
5,둔촌동,1356,491,397,291,0,0,5,24,8,0,0,2,0,0,13947,5203,3728,1726,5,3,21,84,16,0,0,15,0,0,37594,14107,10284,2823,8,3,26,103,20,0,0,26,0,1
5,올림픽공원,2407,452,455,430,6,2,9,18,13,0,0,7,0,2,7881,2121,2123,443,11,4,9,18,13,1,0,7,0,3,16070,4629,4633,459,13,4,11,18,14,1,0,7,0,3
5,방이,3497,1225,1006,451,0,2,8,25,4,1,0,4,0,0,15336,5251,4619,1248,3,4,15,48,7,2,0,12,0,0,29629,9926,8760,2117,16,7,24,82,25,2,0,23,0,2
5,오금,2170,818,527,318,3,4,1,8,6,2,0,2,0,1,7408,2807,2152,794,4,5,6,22,11,2,0,7,0,1,21904,7976,6257,1769,10,7,8,52,21,4,0,16,0,1
5,개롱,4487,1600,1456,336,0,0,5,27,6,0,0,2,0,1,16029,5446,4964,858,7,0,7,51,14,0,0,5,0,1,29683,10382,8703,1691,14,5,10,92,33,1,0,10,0,1
5,거여,4049,1581,859,500,0,1,4,45,6,0,0,5,0,1,15188,5595,4178,877,3,3,5,70,11,1,0,9,0,1,34545,12953,9728,1633,8,5,6,110,29,2,0,15,0,1
5,마천,3874,1542,862,272,1,1,0,17,2,1,0,3,0,0,18976,7621,4211,1100,1,4,2,43,11,2,0,8,0,0,35247,13915,8350,1864,2,8,9,98,17,4,0,14,0,0
6,봉화산,2899,1115,1056,352,0,5,4,19,8,2,1,3,0,0,9119,3253,2980,540,7,7,4,32,26,2,1,6,0,0,18391,6276,5947,718,8,7,5,46,35,2,1,7,0,1
6,화랑대,1501,616,309,112,3,0,2,7,7,0,0,3,0,0,10304,3526,2914,399,6,2,3,31,13,1,0,8,0,1,31961,11371,9768,968,8,3,6,69,39,2,0,11,0,2
6,태릉입구,2263,1180,837,316,2,0,6,15,10,0,0,4,0,0,10865,4756,3471,1108,3,2,13,38,22,1,0,14,0,0,29127,11829,8718,2061,5,7,19,99,37,3,1,23,0,0
6,석계,2146,1016,595,526,1,2,4,31,16,0,0,6,0,1,14551,5810,4270,1048,1,3,5,55,19,0,0,8,1,1,34952,13270,10409,1524,5,5,9,79,31,1,0,11,1,1
6,돌곶이,3400,1462,933,369,2,0,5,21,5,0,0,7,0,0,13904,5533,3418,1175,4,4,8,42,9,1,0,11,0,0,29781,12208,7130,2409,7,7,13,73,22,2,0,19,0,0
6,상월곡,2285,1080,478,240,1,2,0,8,5,1,0,3,0,0,12105,5036,3140,671,1,3,3,23,10,1,0,9,0,1,22155,8757,5603,1285,13,6,5,42,16,3,0,14,0,1
6,월곡,3312,1527,786,459,0,3,5,30,7,1,1,3,0,0,11864,4923,3427,931,3,3,6,52,12,1,1,7,0,0,26071,10198,7553,1551,13,4,9,80,20,0,0,14,0,0
6,고려대,3494,888,642,236,11,2,1,3,9,1,0,11,0,0,12114,4959,3200,638,17,3,2,14,19,1,0,17,0,0,20846,9239,5399,1511,22,5,7,35,28,1,0,20,0,1
6,안암,4566,1919,581,616,20,1,6,15,12,0,0,20,0,0,7908,3787,1374,940,20,1,8,29,14,0,0,24,0,0,17400,8442,3972,1492,25,2,11,45,21,0,0,36,0,0
6,보문,2672,1358,704,403,1,0,4,22,2,0,0,2,0,0,12877,6289,3267,772,7,2,5,31,9,1,0,6,0,0,31520,15065,8061,2312,19,11,25,88,27,4,0,27,0,0
6,창신,3002,1234,873,182,2,2,2,7,8,0,0,3,0,1,13906,5358,4011,567,9,4,3,29,17,0,0,7,0,1,32749,12991,9072,1298,20,5,10,48,22,1,0,12,0,2
6,동묘앞,3713,1963,1606,1334,5,3,15,43,11,1,0,10,0,0,10625,5274,3634,3437,6,4,36,67,16,1,0,19,0,1,25957,12241,8879,16704,12,14,99,114,34,6,0,44,3,3
6,신당,2799,1374,766,1138,0,4,11,31,3,2,0,5,0,1,11836,5779,3764,14447,8,11,47,86,15,8,0,30,2,2,23071,10663,7466,15356,9,14,53,106,26,8,0,34,2,4
6,청구,3466,1527,829,733,1,1,5,23,4,0,0,6,0,1,11508,4996,2937,1767,4,2,7,48,5,0,0,13,0,2,28973,12418,8415,3967,9,8,25,102,19,2,0,27,0,5
6,약수,2645,1249,848,994,1,3,8,53,12,1,0,11,0,1,10538,4512,3211,1594,3,5,14,74,13,2,0,15,0,0,10538,4512,3211,1594,3,5,14,74,13,2,0,15,0,9
6,버티고개,3485,1402,1353,186,0,0,2,6,3,0,0,1,0,0,12092,4834,4480,437,5,0,4,17,11,0,0,3,0,1,22451,9114,8316,1101,10,4,9,56,25,2,1,9,1,1
6,한강진,991,538,400,234,0,0,4,11,6,0,0,5,1,2,3226,1671,1267,712,3,1,17,23,16,0,0,9,1,3,5180,2623,2006,836,3,2,17,25,21,0,0,10,1,4
6,이태원,1281,703,432,647,0,2,14,10,5,2,0,6,0,0,5819,3059,1834,1766,1,3,29,25,18,2,0,17,0,2,14946,7480,4735,2396,3,7,33,35,31,2,0,22,0,3
6,녹사평,2273,1052,789,565,1,3,8,1,9,0,0,4,0,0,4042,1969,1409,1172,1,5,21,16,13,0,0,9,0,0,7292,3461,2450,1557,2,6,27,24,28,0,0,13,0,2
6,삼각지,2051,1089,879,826,1,6,15,15,11,1,0,6,0,1,5967,3178,2833,3804,1,13,44,43,27,1,1,18,1,2,11084,5320,5031,4179,3,13,45,52,31,1,1,24,1,2
6,효창공원,2888,1265,772,311,1,0,1,13,3,0,0,5,0,0,12980,5318,3642,1237,3,2,7,57,19,1,0,10,0,1,29483,12185,9035,2923,11,8,14,94,51,3,0,25,0,0
6,공덕,3283,1730,1691,2117,4,10,85,99,17,2,0,14,0,0,8759,3984,3741,3076,5,13,101,136,28,3,1,22,0,0,33206,13699,12255,4396,14,16,127,180,45,3,1,33,0,3
6,대흥,2166,844,485,357,2,2,4,17,10,1,0,3,0,0,13366,5533,3700,1351,21,6,13,35,20,2,0,14,1,0,29140,11725,8511,1880,31,8,16,45,32,2,0,21,1,0
6,광흥창,3154,1394,1144,363,0,3,7,22,10,2,0,5,0,1,12766,5360,4282,839,1,5,10,46,20,2,0,11,0,1,30433,12468,9928,1464,12,7,3,64,43,3,0,22,1,1
6,상수,4351,2503,1576,646,1,1,3,8,8,0,0,9,1,0,10728,53070,3728,2550,7,1,9,31,19,0,0,33,6,3,18227,8789,6449,3934,8,5,25,55,36,3,0,43,10,3
6,합정,2647,1319,1080,1137,0,2,26,23,5,1,1,13,3,0,8835,4185,3191,2574,2,4,47,56,13,3,1,29,5,0,19525,9115,6513,4544,3,5,73,79,27,4,0,51,9,1
6,망원,3996,1888,1248,457,0,0,6,39,4,0,0,7,0,0,16747,7738,5450,1714,1,4,18,88,18,1,0,21,0,0,34718,15755,11235,3066,6,4,23,122,32,1,0,37,0,0
6,마포구청,2701,1194,1024,357,0,1,0,10,3,1,0,3,0,1,13916,6252,5486,1136,2,6,2,34,15,1,1,14,2,2,29145,11913,10053,1927,7,7,7,63,26,1,1,22,2,2
6,월드컵경기장,899,271,271,268,0,2,1,6,8,0,1,4,1,0,6597,2503,2512,352,1,2,3,17,12,0,1,4,1,1,16040,6477,6070,1012,4,4,7,49,24,1,1,12,1,1
6,디지털미디어시티,1680,719,475,996,0,6,18,28,22,1,0,18,2,1,7745,2964,2434,1183,0,6,19,32,25,1,0,23,2,1,21867,8344,6798,2117,4,10,27,79,40,2,2,34,3,2
6,증산,3496,1435,1179,225,0,0,3,11,5,0,0,5,0,1,14287,5583,4343,800,2,5,6,46,12,2,0,12,0,1,30231,11812,8957,1530,4,5,10,69,17,2,0,18,0,1
6,새절,2507,1081,689,169,1,1,2,10,6,0,0,3,0,0,11526,4939,3144,937,4,2,4,48,17,0,0,9,0,0,31517,12938,8847,1980,11,5,9,105,27,1,0,17,0,0
6,응암,4565,1954,1641,447,1,1,2,22,8,0,1,5,0,0,18256,7534,6086,948,5,3,7,45,12,1,1,13,1,1,45366,18162,14453,2304,13,3,16,125,25,1,1,28,0,0
6,역촌,3659,1545,1139,315,0,1,0,12,7,1,0,4,0,0,15871,6436,4720,779,1,1,2,49,15,1,0,10,0,0,39590,16267,11809,2162,4,5,16,107,31,2,0,23,1,0
6,불광,1843,979,692,893,0,0,9,41,9,0,1,5,2,0,12153,5824,4440,1824,1,6,34,110,21,2,1,11,2,0,30854,13502,10240,2409,3,8,38,138,29,2,1,16,3,0
6,독바위,4697,1810,1517,156,2,1,0,11,4,1,0,3,0,2,11554,4461,3953,237,5,1,0,15,6,1,0,4,0,2,23910,9331,7810,556,9,2,16,27,13,2,0,6,0,3
6,연신내,2618,1379,953,1074,1,1,36,66,8,1,0,10,0,0,13019,6249,3863,21258,3,3,55,123,18,1,0,22,2,0,35275,15280,10112,3065,11,5,59,165,37,1,0,33,2,1
6,구산,4166,1778,1348,459,5,0,6,48,8,0,0,4,0,0,17147,6876,5088,1062,7,0,10,64,15,0,0,10,0,1,42081,16534,12510,1982,11,2,16,104,30,0,0,21,0,0
7,장암,14,8,6,48,0,0,0,0,8,0,0,1,0,0,332,140,119,175,0,0,0,0,10,0,0,2,0,0,3315,1189,1155,257,0,0,0,4,14,0,0,4,0,0
7,도봉산,429,179,92,121,0,0,0,5,4,0,0,2,0,0,5014,1767,1600,213,2,0,0,10,6,0,0,2,0,0,16113,5719,5227,713,7,1,1,34,27,1,0,7,0,0
7,수락산,4302,1825,1609,506,0,4,3,42,8,1,0,8,0,1,13650,5237,4674,848,0,5,4,59,11,2,0,11,0,1,26951,10048,9125,1478,9,5,8,87,28,2,0,15,0,0
7,마들,3575,1365,1339,373,0,0,7,56,6,0,0,4,0,0,17720,6566,6545,508,11,0,7,84,12,0,0,6,0,0,40159,14742,14719,813,16,3,9,122,24,0,0,8,0,0
7,노원,1553,640,474,1352,0,0,12,57,10,0,1,10,1,0,12095,4864,4271,2461,2,5,90,193,24,0,0,23,0,0,29133,11729,10191,3236,10,11,131,251,35,0,0,32,0,0
7,중계,3533,1373,1376,79,0,0,0,8,4,0,0,2,0,0,14251,5089,5098,463,10,0,6,59,17,0,0,5,0,0,36744,14077,14107,1179,14,4,9,107,19,1,2,8,3,3
7,하계,3543,1218,1219,151,0,0,1,7,5,0,1,2,0,0,20638,7317,7182,1143,7,4,8,57,26,3,3,7,3,3,39618,13852,13439,1459,14,9,9,83,35,4,3,12,3,3
7,공릉,3448,1435,1044,635,2,2,7,45,8,1,0,9,0,0,15111,6293,4578,1161,2,2,10,65,15,1,0,13,0,0,37174,15373,11643,2136,12,3,18,110,41,2,0,29,0,0
7,태릉입구,2263,1180,837,316,2,0,6,15,10,0,0,4,0,0,10856,4756,3471,1108,3,2,13,38,22,1,0,14,0,0,29127,11829,8718,2061,5,7,19,99,37,3,1,23,0,0
7,먹골,2783,1251,638,359,0,2,2,18,5,0,0,5,0,0,18627,7739,4735,1317,1,4,8,63,16,1,1,13,0,0,34070,13682,8132,1956,5,6,12,82,27,3,1,17,0,0
7,중화,2892,1205,663,507,2,0,3,13,7,0,0,5,0,0,11530,4786,2606,1219,6,3,6,47,18,2,0,7,0,0,33362,13889,7283,2430,9,7,16,80,29,4,0,16,0,0
7,상봉,3333,1703,975,408,1,1,15,18,5,0,0,6,0,0,11216,5260,2870,1043,2,1,21,35,10,0,1,12,0,0,38583,16637,9965,2696,9,5,33,93,23,1,2,22,0,0
7,면목,3787,1903,878,576,0,0,8,32,5,0,0,5,0,0,17487,7749,4174,1323,3,2,11,48,10,1,0,11,0,1,38552,16828,8358,2657,5,2,16,83,17,1,0,8,0,0
7,사가정,4372,2111,839,913,1,1,9,56,7,0,0,8,0,0,16321,7385,3131,1599,3,3,12,74,11,0,0,13,0,0,41626,17730,9240,2864,9,10,15,102,22,4,0,15,0,0
7,용마산,5372,2185,1868,95,2,0,0,6,3,0,0,3,0,0,12802,5281,3592,552,4,2,3,18,6,0,0,6,1,1,33534,13836,8106,1763,7,7,12,71,13,3,0,18,1,1
7,중곡,3193,1323,660,213,1,0,1,18,7,0,0,7,0,1,13070,5693,2721,1339,2,3,7,71,17,3,0,17,0,1,35467,14756,7251,2522,13,6,10,102,25,3,0,24,0,0
7,군자,2974,1648,653,689,0,2,17,41,7,0,0,8,2,0,12591,6259,2682,1634,1,5,27,59,17,1,0,18,2,0,36479,17586,7533,2795,3,8,33,80,32,0,0,34,2,0
7,어린이대공원,3253,1585,663,398,11,4,1,4,9,3,0,13,2,1,8846,5226,2358,897,12,7,6,16,9,4,0,23,2,1,22347,11953,5166,1701,33,8,11,46,18,4,0,37,3,2
7,건대입구,3154,2043,690,989,0,1,7,50,7,0,0,14,0,0,12199,6210,1946,2059,15,3,23,78,9,0,2,27,3,2,33265,16623,69898,3106,18,3,29,107,20,0,2,38,3,2
7,뚝섬유원지,2729,1014,847,98,0,2,0,0,2,2,0,5,0,1,10716,4082,3028,426,3,3,1,12,5,2,0,8,0,2,23744,9007,6254,1053,7,6,5,52,8,4,0,11,0,2
7,청담,2824,1035,994,362,0,0,5,23,6,0,0,5,0,0,9380,3584,3201,1506,3,2,31,83,13,1,0,16,0,0,18590,7112,6422,2361,5,3,51,110,22,0,0,27,0,0
7,강남구청,3019,1387,912,1402,0,1,32,71,5,0,0,18,0,0,10818,4655,3520,3016,3,4,58,153,13,0,0,30,1,0,23954,9726,7757,3902,6,6,73,171,17,0,0,40,1,2
7,학동,2190,1115,664,1685,0,4,37,42,7,1,0,12,0,2,5799,3118,1833,2713,2,4,49,75,11,1,0,23,0,2,17486,9133,5343,5216,5,6,73,123,17,1,0,46,0,2
7,논현,2765,1572,873,1597,0,1,43,114,14,0,0,14,1,2,8656,4937,2371,3119,0,2,53,162,17,0,0,26,0,0,22010,12152,6003,5001,2,2,68,238,22,0,0,45,3,2
7,반포,4345,1397,1405,182,1,0,16,30,3,0,0,3,0,0,14399,4870,2873,2608,5,3,28,68,19,1,2,16,1,0,30756,11015,10115,3465,7,6,38,104,26,2,2,22,0,0
7,고속터미널,0,0,3,1901,0,2,4,3,11,1,1,12,1,0,7106,2378,2341,3146,3,5,36,106,22,1,2,19,1,0,22334,7271,7260,3504,5,7,57,130,29,0,2,27,1,1
7,내방,2563,1044,716,662,0,1,16,32,7,0,0,7,0,0,12369,5091,1773,1552,1,1,25,65,14,0,0,9,0,1,30528,12328,8902,2999,5,3,43,123,30,0,0,19,0,2
7,총신대입구,2800,1278,868,681,0,0,37,67,7,0,0,9,2,1,13118,5879,3905,2163,1,4,69,158,25,0,1,21,2,2,34872,15067,9208,4203,7,9,123,233,49,3,0,34,2,3
7,남성,2790,1141,753,285,0,1,1,21,4,0,0,3,0,1,15158,6304,4232,1081,4,3,7,70,16,1,0,8,0,1,34673,14098,9552,1637,15,6,10,94,27,1,0,15,0,1
7,숭실대입구,3839,1591,635,414,9,3,4,13,8,2,0,7,0,0,14410,5953,3781,870,10,4,6,35,11,2,0,12,0,0,32362,12533,9719,1012,15,4,7,44,23,2,0,15,0,0
7,상도,3607,1821,977,371,1,0,2,23,11,0,0,8,0,1,13436,6297,3967,891,1,2,4,55,24,0,0,13,0,1,38391,16679,11764,1688,6,4,8,110,40,0,0,21,0,2
7,장승배기,3327,1728,983,650,2,3,7,51,14,1,0,5,0,0,14117,6336,4041,1131,3,3,9,75,23,1,0,12,0,0,37939,16271,10209,1810,11,7,14,115,38,0,0,21,0,2
7,신대방삼거리,3676,1808,1221,847,1,4,8,64,14,2,0,7,0,0,15965,7145,4351,1395,2,6,13,97,21,3,0,19,0,0,34875,15257,9373,2181,6,6,18,139,39,3,0,26,0,0
7,보라매,2682,1275,656,409,2,1,3,18,6,0,0,5,0,0,11043,5057,2601,1232,7,8,8,56,29,2,0,11,0,0,25959,11176,6422,2025,11,10,28,94,44,2,0,19,0,0
7,신풍,4121,1672,1034,316,2,2,2,13,9,0,0,3,0,0,14736,5788,4138,685,3,4,4,28,18,1,0,4,0,1,29735,11964,7861,1510,8,5,9,77,84,1,0,12,0,0
7,대림,2604,1193,836,283,1,0,5,7,5,0,0,4,0,0,11115,5140,3532,1414,3,3,27,51,10,1,0,14,0,0,31864,14728,10890,4628,9,10,79,138,29,3,0,39,0,2
7,남구로,5760,2403,2507,369,0,0,6,18,5,0,0,4,0,0,19373,8701,7771,1552,3,3,20,87,13,1,0,11,0,0,39663,17357,14058,6784,9,5,69,163,27,2,0,39,0,4
7,가산디지털단지,900,597,504,6646,0,4,66,51,33,1,0,31,0,0,1912,1188,692,6748,0,4,66,51,33,1,0,32,0,1,7497,4345,2439,11980,0,7,10,75,55,1,0,62,1,2
7,철산,1753,704,600,1257,3,8,42,61,7,2,1,12,2,0,11374,4060,3868,1573,5,10,43,95,13,2,1,15,2,0,28069,9909,8928,2118,8,15,47,132,24,3,1,21,2,1
7,광명사거리,3503,1577,1155,1307,0,2,22,66,6,1,0,11,0,0,17532,7160,5604,2163,5,4,26,116,12,0,0,16,0,0,42434,17085,13203,3041,8,6,31,153,22,0,0,26,0,0
7,천왕,4003,1620,1451,215,2,1,1,14,11,0,0,4,0,0,8907,3403,3129,261,8,1,1,20,14,0,0,5,0,0,17600,6221,5848,504,8,1,4,43,30,0,0,8,0,0
7,온수,2339,1012,964,179,0,0,2,4,10,0,0,6,0,0,6305,2566,2412,281,1,1,3,7,13,1,0,6,0,0,16408,5932,5639,806,18,1,5,19,33,1,0,11,0,1
7,까치울,1495,504,235,132,2,0,0,2,22,0,0,2,0,4,2534,883,536,249,4,0,0,9,28,0,0,3,0,5,5355,1742,1258,296,4,0,0,12,30,0,0,4,0,5
7,부천종합운동장,1592,598,551,1268,5,1,4,8,29,1,0,5,0,5,1592,598,551,1268,5,1,4,8,29,1,0,5,0,5,2943,1040,1014,1525,5,1,4,8,31,1,0,6,0,5
7,춘의,1556,667,466,1286,0,2,6,7,11,0,0,4,0,0,9422,3653,2812,2299,2,2,9,16,18,0,0,8,0,0,17625,6899,4704,3730,8,6,11,18,31,2,0,14,0,0
7,신중동,2177,885,724,1167,1,0,44,78,19,0,2,9,1,0,12113,5024,4539,2877,7,4,136,120,34,1,2,26,1,0,32596,12511,11124,3776,13,8,145,154,47,2,2,30,1,1
7,부천시청,2593,1227,1250,1394,3,6,25,102,20,0,2,14,0,0,7598,3004,3033,1466,6,6,25,102,27,1,2,16,1,0,25186,9831,9876,4196,11,11,58,234,64,3,6,34,2,0
7,상동,2100,887,844,3154,0,4,45,140,29,0,3,24,0,0,8607,3234,31997,3445,0,4,50,150,32,1,3,27,1,1,23816,8100,7691,4706,13,9,59,200,69,2,4,39,2,1
7,삼산체육관,1869,502,413,959,4,0,22,60,34,0,0,12,0,0,5502,1803,1715,1207,9,0,24,78,44,0,0,13,0,0,20828,6998,6888,1350,10,0,24,97,56,0,0,15,0,0
7,굴포천,3138,1326,860,277,0,0,2,4,9,0,1,1,0,0,12537,4997,3400,1748,3,0,27,88,28,0,0,14,0,0,29904,11444,9114,2320,9,3,29,115,45,1,1,15,1,0
7,부평구청,2513,926,714,271,0,2,2,5,19,1,0,4,0,0,8884,3312,3049,640,1,5,4,23,21,1,0,7,0,1,21063,8088,6899,1310,7,8,7,55,40,1,0,10,1,1
8,암사,3058,1458,1127,733,1,2,7,57,7,0,0,9,0,0,20711,8503,6164,1471,3,2,10,89,8,0,0,14,0,2,40589,16224,11257,2098,7,4,11,112,11,1,0,24,0,2
8,천호,2054,1027,494,1341,0,1,29,89,10,0,2,10,0,0,13907,6938,3983,2734,0,2,64,150,20,0,2,22,1,0,34895,15964,8538,4201,0,7,69,184,26,2,3,33,1,1
8,강동구청,2439,983,699,811,4,2,14,17,9,0,0,8,0,0,11791,4197,3001,1639,10,9,18,49,27,3,0,20,0,2,32474,12331,8723,2681,15,13,23,106,34,5,0,29,1,3
8,몽촌토성,3495,1133,1054,467,8,1,7,10,16,0,0,9,0,3,8889,3490,3193,1577,10,4,40,37,20,1,0,20,0,3,28447,10762,9682,2307,10,5,46,81,25,1,0,29,0,3
8,잠실,2607,909,924,977,0,2,14,17,15,0,5,13,1,0,5472,1883,1901,1456,0,2,99,45,19,0,6,17,1,0,13965,4883,4882,2446,5,7,112,88,24,1,6,20,1,0
8,석촌,3626,1736,1395,665,1,3,22,50,8,1,0,6,0,0,16435,7249,5600,1335,4,6,26,70,8,2,0,17,0,0,36180,15671,11829,3073,5,8,38,145,24,2,3,38,0,1
8,송파,1663,707,440,551,2,2,5,29,7,1,0,6,0,0,7142,2950,2052,4322,7,6,15,90,19,3,0,11,0,0,20185,7970,5839,5285,8,8,28,118,23,3,0,22,0,0
8,가락시장,2243,1026,870,4495,0,2,43,57,11,1,1,8,0,0,6137,2451,2222,4706,0,2,45,61,12,1,1,9,0,0,21445,8033,7295,7435,2,7,72,89,29,2,3,28,2,1
8,문정,1048,451,330,1980,0,2,16,6,14,1,2,11,2,0,6251,2545,1911,2440,0,2,18,19,16,1,2,15,2,0,22585,9788,8342,3328,4,6,22,37,26,2,2,21,2,1
8,장지,1469,631,590,2042,2,2,18,29,19,1,2,11,2,0,10547,5146,5004,2118,5,2,18,36,22,1,2,11,2,0,21118,8712,8203,2690,6,4,21,66,44,2,2,15,2,0
8,복정,329,35,9,49,0,1,0,0,15,1,0,1,0,0,1324,504,200,305,2,1,3,27,27,1,0,4,0,0,3864,1924,528,509,3,3,4,31,65,2,0,6,0,0
8,산성,2789,1183,597,159,7,1,1,6,45,1,0,2,0,0,7849,3344,1739,408,7,1,2,21,46,1,0,5,0,1,20702,8295,5353,625,12,2,2,37,47,1,0,7,0,2
8,남한산성입구,3717,1469,715,426,2,2,6,18,5,0,0,3,0,0,16178,6002,4378,668,7,3,9,37,9,1,0,7,0,0,33594,12668,9076,1393,14,7,14,85,19,0,0,17,0,3
8,단대오거리,2629,1312,724,1000,0,1,9,47,13,0,1,4,1,1,11485,5066,2997,1523,1,3,11,70,13,0,1,8,1,1,34859,14532,8558,2569,4,7,11,122,24,0,1,17,1,0
8,신흥,2485,1420,568,997,0,1,8,31,5,0,0,8,0,0,14832,7301,3064,2229,2,4,16,79,15,2,0,20,0,0,35533,16173,7756,3483,11,5,30,136,23,2,0,31,0,0
8,수진,2345,1169,611,597,0,3,8,17,9,1,0,8,0,0,16583,7603,3515,1368,7,4,15,48,13,2,0,15,0,0,35450,16588,7464,2482,12,7,21,93,24,4,0,27,0,0
8,모란,4039,1960,978,851,4,3,33,30,7,1,0,13,0,0,11878,5571,2939,1723,7,3,45,62,16,2,1,26,1,0,29885,13495,7105,2989,7,8,61,108,26,2,1,38,1,0
9,종합운동장,0,0,1,245,2,2,4,1,4,1,0,10,1,0,2171,729,734,246,2,2,4,1,4,1,0,10,1,0,10966,3888,3857,1912,3,8,68,36,19,3,0,32,2,1
9,신논현,2205,1371,547,1342,0,2,15,72,11,0,0,11,0,0,7128,4123,2207,3402,1,4,44,196,35,0,0,34,2,0,21395,11953,6074,6512,4,5,101,388,49,0,0,70,5,4
9,사평,4038,1293,1304,20,4,1,0,2,5,0,0,1,0,0,13355,4311,4164,262,5,2,3,21,14,0,0,3,0,1,28860,10833,8842,3408,11,6,48,87,41,2,1,28,1,1
9,고속터미널,0,0,3,1901,0,2,4,3,11,1,1,12,1,0,7106,2378,2341,3146,3,5,36,106,22,1,2,19,1,0,22334,7271,7206,3504,5,7,57,130,29,1,2,27,1,1
9,신반포,3350,1043,1037,170,4,2,1,9,6,0,0,3,0,0,10581,3347,3349,644,11,6,7,30,16,2,0,5,0,0,22145,7151,7022,3598,11,11,39,100,36,3,1,24,1,0
9,구반포,2961,951,949,613,6,2,6,22,6,0,0,2,0,0,9500,3099,3011,869,8,2,11,26,13,0,0,6,0,0,17938,5791,5680,1049,8,3,15,35,26,1,0,7,0,0
9,동작,1353,424,419,13,0,0,0,0,6,0,0,2,0,0,2831,897,889,94,0,0,0,1,6,0,0,2,0,0,3883,1276,1196,109,2,0,0,1,9,0,0,2,0,0
9,흑석,1370,798,372,347,2,1,2,19,10,0,0,4,0,0,7221,3689,1999,1083,6,1,10,49,16,0,0,11,0,0,19089,7911,4621,1327,22,5,12,60,27,1,0,18,0,2
9,노들,2472,1132,716,1411,1,4,3,9,18,2,0,7,0,0,7776,3568,2226,1531,2,5,4,13,22,2,0,8,0,1,17928,7916,5522,1875,5,6,5,28,35,3,0,13,0,2
9,노량진,1758,1150,699,1590,0,3,9,15,13,2,0,7,0,0,5845,4103,1416,2225,1,6,13,21,16,2,0,20,0,0,15091,8803,3583,3443,4,10,39,47,23,2,0,30,0,1
9,샛강,931,382,401,3903,0,5,441,94,23,0,0,20,0,0,5313,2067,1916,4007,0,5,447,98,30,1,1,21,1,1,16741,6409,5776,5070,5,8,472,120,44,2,1,33,1,2
9,여의도,1346,550,582,4128,1,4,479,106,23,0,0,22,1,1,5716,2047,2091,4197,4,4,481,109,23,0,0,22,1,1,8717,3370,3427,6959,4,13,599,145,37,1,1,46,2,1
9,국회의사당,845,554,558,2714,0,9,112,34,17,1,0,23,1,0,845,554,558,2774,0,14,116,38,17,2,0,23,1,1,845,554,558,2774,0,14,116,38,17,2,0,23,1,1
9,당산,1809,1188,716,518,0,2,36,12,3,1,0,6,0,0,12487,5772,4928,1357,4,4,65,67,16,2,0,17,0,0,23722,10278,8860,2191,10,7,82,93,34,2,0,22,0,2
9,선유도,2616,1147,874,1213,4,2,21,23,14,0,0,12,0,2,9452,4116,3376,1977,14,4,30,59,29,0,0,24,0,3,13206,5578,4636,2223,16,5,39,61,36,1,0,27,0,3
9,신목동,1056,439,325,35,1,1,0,1,8,1,0,2,0,0,7339,2641,2346,354,3,1,4,8,18,1,0,6,0,0,13454,4858,4414,680,3,1,8,16,29,1,0,7,0,0
9,염창,2926,1158,949,336,0,1,4,17,7,0,0,5,0,1,16071,6390,5315,1261,2,2,15,72,25,0,0,11,0,0,29444,11500,9797,1742,5,2,18,100,37,0,0,17,0,1
9,등촌,3026,1647,1267,566,3,1,8,29,9,0,0,6,0,0,14734,6302,5057,1611,8,2,19,84,21,1,0,12,0,0,32430,12781,10559,2353,11,7,25,119,38,3,0,25,0,2
9,증미,1467,756,453,627,2,5,2,21,8,2,1,7,0,1,15110,6625,5851,1636,10,7,13,39,18,2,1,13,0,2,36630,15462,13888,2643,12,7,19,87,45,2,2,19,0,2
9,가양,2838,1312,1057,386,5,0,3,27,13,0,1,4,0,0,18639,8591,8363,1369,9,3,13,88,34,0,3,11,0,0,40453,18382,17695,1984,17,6,19,130,60,3,3,20,0,0
9,양천향교,2420,1135,963,1135,3,3,28,16,22,0,0,10,0,1,8563,4196,3892,1456,4,4,32,33,46,0,0,14,0,2,18782,7980,7682,1516,5,4,32,43,48,0,0,15,0,2
9,마곡나루,561,396,390,95,0,1,2,5,20,0,0,2,0,0,3189,1170,1164,127,0,1,2,7,21,0,0,5,0,0,9610,3227,3215,149,1,1,2,7,25,0,0,5,0,0
9,신방화,3026,1647,1267,566,3,1,8,29,9,0,0,6,0,0,14015,5426,4249,354,2,0,0,8,11,0,0,7,0,0,31590,11835,9604,1279,5,1,7,42,51,0,0,16,0,0
9,공항시장,3274,1677,1013,546,2,2,5,29,8,1,0,9,0,0,12149,5627,3295,1205,3,3,8,45,15,1,0,13,0,1,22525,10134,5926,2334,7,14,17,63,95,5,2,26,1,2
9,김포공항,16,5,7,601,1,10,5,2,63,4,2,7,1,0,16,5,7,601,1,10,5,2,63,4,2,7,1,0,16,5,7,601,1,10,5,2,63,4,2,7,1,0
9,개화,0,0,1,355,0,1,0,0,29,1,2,6,1,0,1090,461,256,401,0,2,0,0,29,2,2,6,1,0,1996,803,490,898,3,11,5,5,71,5,2,9,1,0
